-- phpMyAdmin SQL Dump
-- version 5.2.0
-- https://www.phpmyadmin.net/
--
-- Máy chủ: 127.0.0.1
-- Thời gian đã tạo: Th1 15, 2023 lúc 11:31 PM
-- Phiên bản máy phục vụ: 10.4.24-MariaDB
-- Phiên bản PHP: 8.1.6

SET SQL_MODE = "NO_AUTO_VALUE_ON_ZERO";
START TRANSACTION;
SET time_zone = "+00:00";


/*!40101 SET @OLD_CHARACTER_SET_CLIENT=@@CHARACTER_SET_CLIENT */;
/*!40101 SET @OLD_CHARACTER_SET_RESULTS=@@CHARACTER_SET_RESULTS */;
/*!40101 SET @OLD_COLLATION_CONNECTION=@@COLLATION_CONNECTION */;
/*!40101 SET NAMES utf8mb4 */;

--
-- Cơ sở dữ liệu: `final1`
--

-- --------------------------------------------------------

--
-- Cấu trúc bảng cho bảng `mark`
--

CREATE TABLE `mark` (
  `ID` varchar(50) NOT NULL,
  `subject_id` varchar(50) NOT NULL,
  `user_id` varchar(50) NOT NULL,
  `homework_mark` double DEFAULT NULL,
  `midtern_mark` double DEFAULT NULL,
  `final_mark` double DEFAULT NULL,
  `year` year(4) NOT NULL DEFAULT 2023,
  `create_at` datetime NOT NULL DEFAULT current_timestamp(),
  `update_at` datetime NOT NULL DEFAULT '0000-00-00 00:00:00' ON UPDATE current_timestamp()
) ENGINE=InnoDB DEFAULT CHARSET=utf8mb4;

--
-- Đang đổ dữ liệu cho bảng `mark`
--

INSERT INTO `mark` (`ID`, `subject_id`, `user_id`, `homework_mark`, `midtern_mark`, `final_mark`, `year`, `create_at`, `update_at`) VALUES
('CL000001', 'MH01', 'SV000', NULL, NULL, NULL, 2023, '2023-01-16 05:21:47', '0000-00-00 00:00:00'),
('CL000002', 'MH06', 'SV089', 6, 6, 5, 2022, '2023-01-16 05:30:44', '0000-00-00 00:00:00'),
('CL000003', 'MH09', 'SV100', 7, 2, 3, 2020, '2023-01-16 05:30:44', '0000-00-00 00:00:00'),
('CL000004', 'MH07', 'SV019', 9, 10, 6, 2023, '2023-01-16 05:30:44', '0000-00-00 00:00:00'),
('CL000005', 'MH03', 'SV021', 9, 6, 8, 2023, '2023-01-16 05:30:44', '0000-00-00 00:00:00'),
('CL000006', 'MH06', 'SV096', 1, 8, 5, 2020, '2023-01-16 05:30:44', '0000-00-00 00:00:00'),
('CL000007', 'MH03', 'SV006', 2, 10, 1, 2022, '2023-01-16 05:30:44', '0000-00-00 00:00:00'),
('CL000008', 'MH07', 'SV071', 5, 10, 1, 2021, '2023-01-16 05:30:44', '0000-00-00 00:00:00'),
('CL000009', 'MH08', 'SV089', 5, 10, 3, 2020, '2023-01-16 05:30:44', '0000-00-00 00:00:00'),
('CL000010', 'MH01', 'SV071', 6, 8, 0, 2022, '2023-01-16 05:30:44', '0000-00-00 00:00:00'),
('CL000011', 'MH03', 'SV058', 6, 2, 9, 2023, '2023-01-16 05:30:44', '0000-00-00 00:00:00'),
('CL000012', 'MH04', 'SV054', 4, 1, 1, 2023, '2023-01-16 05:30:44', '0000-00-00 00:00:00'),
('CL000013', 'MH01', 'SV008', 10, 6, 5, 2023, '2023-01-16 05:30:44', '0000-00-00 00:00:00'),
('CL000014', 'MH08', 'SV094', 8, 9, 6, 2021, '2023-01-16 05:30:44', '0000-00-00 00:00:00'),
('CL000015', 'MH04', 'SV075', 5, 4, 2, 2021, '2023-01-16 05:30:44', '0000-00-00 00:00:00'),
('CL000016', 'MH04', 'SV038', 4, 9, 9, 2023, '2023-01-16 05:30:44', '0000-00-00 00:00:00'),
('CL000017', 'MH04', 'SV027', 10, 8, 5, 2021, '2023-01-16 05:30:44', '0000-00-00 00:00:00'),
('CL000018', 'MH07', 'SV040', 0, 6, 4, 2022, '2023-01-16 05:30:44', '0000-00-00 00:00:00'),
('CL000019', 'MH08', 'SV078', 8, 2, 3, 2022, '2023-01-16 05:30:44', '0000-00-00 00:00:00'),
('CL000020', 'MH09', 'SV098', 5, 7, 4, 2023, '2023-01-16 05:30:44', '0000-00-00 00:00:00'),
('CL000021', 'MH03', 'SV033', 4, 8, 1, 2023, '2023-01-16 05:30:44', '0000-00-00 00:00:00'),
('CL000022', 'MH03', 'SV026', 6, 6, 2, 2021, '2023-01-16 05:30:44', '0000-00-00 00:00:00'),
('CL000023', 'MH04', 'SV058', 10, 6, 5, 2023, '2023-01-16 05:30:44', '0000-00-00 00:00:00'),
('CL000024', 'MH06', 'SV069', 1, 9, 0, 2023, '2023-01-16 05:30:44', '0000-00-00 00:00:00'),
('CL000025', 'MH04', 'SV079', 6, 7, 2, 2021, '2023-01-16 05:30:44', '0000-00-00 00:00:00'),
('CL000026', 'MH01', 'SV051', 3, 6, 10, 2022, '2023-01-16 05:30:44', '0000-00-00 00:00:00'),
('CL000027', 'MH03', 'SV032', 9, 5, 2, 2022, '2023-01-16 05:30:44', '0000-00-00 00:00:00'),
('CL000028', 'MH05', 'SV083', 2, 3, 0, 2021, '2023-01-16 05:30:44', '0000-00-00 00:00:00'),
('CL000029', 'MH01', 'SV064', 10, 7, 6, 2022, '2023-01-16 05:30:44', '0000-00-00 00:00:00'),
('CL000030', 'MH04', 'SV080', 2, 0, 10, 2020, '2023-01-16 05:30:44', '0000-00-00 00:00:00'),
('CL000031', 'MH04', 'SV026', 2, 4, 9, 2020, '2023-01-16 05:30:44', '0000-00-00 00:00:00'),
('CL000032', 'MH07', 'SV055', 6, 9, 1, 2022, '2023-01-16 05:30:44', '0000-00-00 00:00:00'),
('CL000033', 'MH03', 'SV095', 8, 7, 1, 2022, '2023-01-16 05:30:44', '0000-00-00 00:00:00'),
('CL000034', 'MH01', 'SV005', 1, 10, 10, 2020, '2023-01-16 05:30:44', '0000-00-00 00:00:00'),
('CL000035', 'MH08', 'SV013', 3, 1, 10, 2022, '2023-01-16 05:30:44', '0000-00-00 00:00:00'),
('CL000036', 'MH03', 'SV005', 1, 2, 3, 2021, '2023-01-16 05:30:44', '0000-00-00 00:00:00'),
('CL000037', 'MH06', 'SV063', 0, 0, 8, 2021, '2023-01-16 05:30:44', '0000-00-00 00:00:00'),
('CL000038', 'MH01', 'SV088', 6, 9, 5, 2021, '2023-01-16 05:30:44', '0000-00-00 00:00:00'),
('CL000039', 'MH01', 'SV095', 10, 6, 4, 2021, '2023-01-16 05:30:44', '0000-00-00 00:00:00'),
('CL000040', 'MH02', 'SV044', 8, 2, 2, 2022, '2023-01-16 05:30:44', '0000-00-00 00:00:00'),
('CL000041', 'MH06', 'SV081', 5, 5, 4, 2023, '2023-01-16 05:30:44', '0000-00-00 00:00:00'),
('CL000042', 'MH01', 'SV074', 5, 4, 1, 2021, '2023-01-16 05:30:44', '0000-00-00 00:00:00'),
('CL000043', 'MH01', 'SV048', 5, 8, 8, 2021, '2023-01-16 05:30:44', '0000-00-00 00:00:00'),
('CL000044', 'MH06', 'SV016', 1, 5, 8, 2023, '2023-01-16 05:30:44', '0000-00-00 00:00:00'),
('CL000045', 'MH03', 'SV071', 8, 7, 5, 2022, '2023-01-16 05:30:44', '0000-00-00 00:00:00'),
('CL000046', 'MH03', 'SV029', 8, 6, 1, 2021, '2023-01-16 05:30:44', '0000-00-00 00:00:00'),
('CL000047', 'MH05', 'SV098', 2, 5, 1, 2023, '2023-01-16 05:30:44', '0000-00-00 00:00:00'),
('CL000048', 'MH01', 'SV092', 3, 3, 10, 2020, '2023-01-16 05:30:44', '0000-00-00 00:00:00'),
('CL000049', 'MH08', 'SV003', 10, 6, 7, 2021, '2023-01-16 05:30:44', '0000-00-00 00:00:00'),
('CL000050', 'MH02', 'SV014', 9, 10, 6, 2023, '2023-01-16 05:30:44', '0000-00-00 00:00:00'),
('CL000051', 'MH01', 'SV051', 3, 6, 0, 2023, '2023-01-16 05:30:44', '0000-00-00 00:00:00'),
('CL000052', 'MH09', 'SV084', 9, 1, 10, 2021, '2023-01-16 05:30:44', '0000-00-00 00:00:00'),
('CL000053', 'MH09', 'SV026', 5, 3, 8, 2023, '2023-01-16 05:30:44', '0000-00-00 00:00:00'),
('CL000054', 'MH08', 'SV016', 1, 7, 7, 2021, '2023-01-16 05:30:44', '0000-00-00 00:00:00'),
('CL000055', 'MH03', 'SV013', 6, 7, 5, 2023, '2023-01-16 05:30:44', '0000-00-00 00:00:00'),
('CL000056', 'MH08', 'SV018', 1, 2, 4, 2022, '2023-01-16 05:30:44', '0000-00-00 00:00:00'),
('CL000057', 'MH03', 'SV023', 7, 4, 1, 2021, '2023-01-16 05:30:44', '0000-00-00 00:00:00'),
('CL000058', 'MH02', 'SV037', 4, 8, 3, 2020, '2023-01-16 05:30:44', '0000-00-00 00:00:00'),
('CL000059', 'MH09', 'SV060', 9, 9, 7, 2021, '2023-01-16 05:30:44', '0000-00-00 00:00:00'),
('CL000060', 'MH02', 'SV058', 3, 5, 2, 2022, '2023-01-16 05:30:44', '0000-00-00 00:00:00'),
('CL000061', 'MH03', 'SV067', 5, 2, 8, 2020, '2023-01-16 05:30:44', '0000-00-00 00:00:00'),
('CL000062', 'MH08', 'SV043', 9, 1, 9, 2022, '2023-01-16 05:30:44', '0000-00-00 00:00:00'),
('CL000063', 'MH09', 'SV094', 3, 8, 9, 2021, '2023-01-16 05:30:44', '0000-00-00 00:00:00'),
('CL000064', 'MH04', 'SV012', 2, 7, 0, 2021, '2023-01-16 05:30:44', '0000-00-00 00:00:00'),
('CL000065', 'MH08', 'SV012', 5, 5, 3, 2021, '2023-01-16 05:30:44', '0000-00-00 00:00:00'),
('CL000066', 'MH03', 'SV099', 5, 2, 3, 2022, '2023-01-16 05:30:44', '0000-00-00 00:00:00'),
('CL000067', 'MH08', 'SV081', 9, 2, 8, 2021, '2023-01-16 05:30:44', '0000-00-00 00:00:00'),
('CL000068', 'MH08', 'SV030', 7, 0, 6, 2021, '2023-01-16 05:30:44', '0000-00-00 00:00:00'),
('CL000069', 'MH09', 'SV021', 1, 8, 3, 2022, '2023-01-16 05:30:44', '0000-00-00 00:00:00'),
('CL000070', 'MH09', 'SV005', 7, 4, 2, 2023, '2023-01-16 05:30:44', '0000-00-00 00:00:00'),
('CL000071', 'MH08', 'SV023', 9, 1, 8, 2022, '2023-01-16 05:30:44', '0000-00-00 00:00:00'),
('CL000072', 'MH04', 'SV091', 6, 2, 10, 2021, '2023-01-16 05:30:44', '0000-00-00 00:00:00'),
('CL000073', 'MH05', 'SV099', 4, 0, 6, 2023, '2023-01-16 05:30:44', '0000-00-00 00:00:00'),
('CL000074', 'MH08', 'SV092', 9, 10, 8, 2023, '2023-01-16 05:30:44', '0000-00-00 00:00:00'),
('CL000075', 'MH08', 'SV021', 7, 5, 1, 2022, '2023-01-16 05:30:44', '0000-00-00 00:00:00'),
('CL000076', 'MH03', 'SV077', 9, 9, 3, 2020, '2023-01-16 05:30:44', '0000-00-00 00:00:00'),
('CL000077', 'MH09', 'SV001', 6, 5, 9, 2020, '2023-01-16 05:30:44', '0000-00-00 00:00:00'),
('CL000078', 'MH07', 'SV043', 8, 5, 6, 2023, '2023-01-16 05:30:44', '0000-00-00 00:00:00'),
('CL000079', 'MH08', 'SV033', 4, 4, 4, 2021, '2023-01-16 05:30:44', '0000-00-00 00:00:00'),
('CL000080', 'MH04', 'SV008', 1, 8, 10, 2020, '2023-01-16 05:30:44', '0000-00-00 00:00:00'),
('CL000081', 'MH01', 'SV048', 5, 4, 0, 2020, '2023-01-16 05:30:44', '0000-00-00 00:00:00'),
('CL000082', 'MH06', 'SV042', 9, 0, 6, 2021, '2023-01-16 05:30:44', '0000-00-00 00:00:00'),
('CL000083', 'MH09', 'SV050', 3, 10, 7, 2023, '2023-01-16 05:30:44', '0000-00-00 00:00:00'),
('CL000084', 'MH08', 'SV080', 9, 1, 5, 2020, '2023-01-16 05:30:44', '0000-00-00 00:00:00'),
('CL000085', 'MH06', 'SV038', 8, 10, 8, 2021, '2023-01-16 05:30:44', '0000-00-00 00:00:00'),
('CL000086', 'MH04', 'SV044', 5, 0, 10, 2020, '2023-01-16 05:30:44', '0000-00-00 00:00:00'),
('CL000087', 'MH05', 'SV070', 7, 5, 1, 2020, '2023-01-16 05:30:44', '0000-00-00 00:00:00'),
('CL000088', 'MH01', 'SV073', 2, 7, 9, 2020, '2023-01-16 05:30:44', '0000-00-00 00:00:00'),
('CL000089', 'MH06', 'SV046', 2, 8, 9, 2021, '2023-01-16 05:30:44', '0000-00-00 00:00:00'),
('CL000090', 'MH06', 'SV018', 3, 2, 10, 2020, '2023-01-16 05:30:44', '0000-00-00 00:00:00'),
('CL000091', 'MH05', 'SV077', 7, 2, 7, 2023, '2023-01-16 05:30:44', '0000-00-00 00:00:00'),
('CL000092', 'MH03', 'SV007', 1, 7, 5, 2021, '2023-01-16 05:30:44', '0000-00-00 00:00:00'),
('CL000093', 'MH06', 'SV073', 1, 10, 9, 2022, '2023-01-16 05:30:44', '0000-00-00 00:00:00'),
('CL000094', 'MH06', 'SV066', 8, 6, 1, 2021, '2023-01-16 05:30:44', '0000-00-00 00:00:00'),
('CL000095', 'MH09', 'SV054', 1, 0, 0, 2023, '2023-01-16 05:30:44', '0000-00-00 00:00:00'),
('CL000096', 'MH01', 'SV030', 5, 2, 5, 2021, '2023-01-16 05:30:44', '0000-00-00 00:00:00'),
('CL000097', 'MH09', 'SV027', 1, 1, 8, 2023, '2023-01-16 05:30:44', '0000-00-00 00:00:00'),
('CL000098', 'MH06', 'SV010', 4, 2, 10, 2021, '2023-01-16 05:30:44', '0000-00-00 00:00:00'),
('CL000099', 'MH07', 'SV062', 10, 3, 7, 2020, '2023-01-16 05:30:44', '0000-00-00 00:00:00'),
('CL000100', 'MH09', 'SV035', 4, 9, 2, 2022, '2023-01-16 05:30:44', '0000-00-00 00:00:00'),
('CL000101', 'MH02', 'SV004', 7, 6, 2, 2021, '2023-01-16 05:30:44', '0000-00-00 00:00:00'),
('CL000102', 'MH05', 'SV013', 7, 4, 2, 2023, '2023-01-16 05:30:44', '0000-00-00 00:00:00'),
('CL000103', 'MH07', 'SV094', 4, 10, 9, 2023, '2023-01-16 05:30:44', '0000-00-00 00:00:00'),
('CL000104', 'MH07', 'SV057', 10, 6, 8, 2022, '2023-01-16 05:30:44', '0000-00-00 00:00:00'),
('CL000105', 'MH05', 'SV089', 1, 7, 8, 2022, '2023-01-16 05:30:44', '0000-00-00 00:00:00'),
('CL000106', 'MH06', 'SV032', 3, 1, 7, 2022, '2023-01-16 05:30:44', '0000-00-00 00:00:00'),
('CL000107', 'MH06', 'SV069', 8, 0, 2, 2021, '2023-01-16 05:30:44', '0000-00-00 00:00:00'),
('CL000108', 'MH05', 'SV007', 9, 0, 5, 2020, '2023-01-16 05:30:44', '0000-00-00 00:00:00'),
('CL000109', 'MH02', 'SV064', 0, 8, 7, 2020, '2023-01-16 05:30:44', '0000-00-00 00:00:00'),
('CL000110', 'MH02', 'SV042', 3, 7, 2, 2020, '2023-01-16 05:30:44', '0000-00-00 00:00:00'),
('CL000111', 'MH05', 'SV060', 4, 6, 5, 2022, '2023-01-16 05:30:44', '0000-00-00 00:00:00'),
('CL000112', 'MH05', 'SV046', 9, 7, 4, 2021, '2023-01-16 05:30:44', '0000-00-00 00:00:00'),
('CL000113', 'MH01', 'SV041', 2, 1, 9, 2022, '2023-01-16 05:30:44', '0000-00-00 00:00:00'),
('CL000114', 'MH03', 'SV010', 9, 10, 1, 2020, '2023-01-16 05:30:44', '0000-00-00 00:00:00'),
('CL000115', 'MH01', 'SV004', 9, 8, 9, 2023, '2023-01-16 05:30:44', '0000-00-00 00:00:00'),
('CL000116', 'MH08', 'SV092', 0, 1, 1, 2022, '2023-01-16 05:30:44', '0000-00-00 00:00:00'),
('CL000117', 'MH09', 'SV094', 10, 4, 0, 2023, '2023-01-16 05:30:44', '0000-00-00 00:00:00'),
('CL000118', 'MH04', 'SV074', 8, 10, 5, 2022, '2023-01-16 05:30:44', '0000-00-00 00:00:00'),
('CL000119', 'MH06', 'SV038', 10, 5, 8, 2021, '2023-01-16 05:30:44', '0000-00-00 00:00:00'),
('CL000120', 'MH08', 'SV022', 0, 10, 8, 2022, '2023-01-16 05:30:44', '0000-00-00 00:00:00'),
('CL000121', 'MH04', 'SV087', 8, 0, 7, 2020, '2023-01-16 05:30:44', '0000-00-00 00:00:00'),
('CL000122', 'MH06', 'SV041', 2, 9, 6, 2020, '2023-01-16 05:30:44', '0000-00-00 00:00:00'),
('CL000123', 'MH08', 'SV011', 10, 4, 1, 2020, '2023-01-16 05:30:44', '0000-00-00 00:00:00'),
('CL000124', 'MH08', 'SV034', 4, 9, 5, 2021, '2023-01-16 05:30:44', '0000-00-00 00:00:00'),
('CL000125', 'MH04', 'SV070', 1, 9, 0, 2020, '2023-01-16 05:30:44', '0000-00-00 00:00:00'),
('CL000126', 'MH07', 'SV024', 0, 10, 1, 2020, '2023-01-16 05:30:44', '0000-00-00 00:00:00'),
('CL000127', 'MH01', 'SV089', 5, 8, 9, 2021, '2023-01-16 05:30:44', '0000-00-00 00:00:00'),
('CL000128', 'MH04', 'SV021', 7, 4, 6, 2020, '2023-01-16 05:30:44', '0000-00-00 00:00:00'),
('CL000129', 'MH09', 'SV043', 8, 5, 2, 2022, '2023-01-16 05:30:44', '0000-00-00 00:00:00'),
('CL000130', 'MH03', 'SV053', 0, 2, 1, 2022, '2023-01-16 05:30:44', '0000-00-00 00:00:00'),
('CL000131', 'MH07', 'SV089', 5, 0, 5, 2022, '2023-01-16 05:30:44', '0000-00-00 00:00:00'),
('CL000132', 'MH05', 'SV079', 7, 6, 2, 2021, '2023-01-16 05:30:44', '0000-00-00 00:00:00'),
('CL000133', 'MH05', 'SV022', 0, 10, 9, 2022, '2023-01-16 05:30:44', '0000-00-00 00:00:00'),
('CL000134', 'MH03', 'SV025', 10, 2, 5, 2022, '2023-01-16 05:30:44', '0000-00-00 00:00:00'),
('CL000135', 'MH01', 'SV073', 6, 2, 3, 2021, '2023-01-16 05:30:44', '0000-00-00 00:00:00'),
('CL000136', 'MH06', 'SV020', 6, 5, 2, 2022, '2023-01-16 05:30:44', '0000-00-00 00:00:00'),
('CL000137', 'MH03', 'SV051', 8, 7, 6, 2020, '2023-01-16 05:30:44', '0000-00-00 00:00:00'),
('CL000138', 'MH06', 'SV080', 10, 7, 8, 2022, '2023-01-16 05:30:44', '0000-00-00 00:00:00'),
('CL000139', 'MH01', 'SV009', 10, 6, 2, 2022, '2023-01-16 05:30:44', '0000-00-00 00:00:00'),
('CL000140', 'MH06', 'SV006', 10, 1, 3, 2022, '2023-01-16 05:30:44', '0000-00-00 00:00:00'),
('CL000141', 'MH06', 'SV062', 3, 6, 4, 2022, '2023-01-16 05:30:44', '0000-00-00 00:00:00'),
('CL000142', 'MH08', 'SV050', 2, 5, 5, 2022, '2023-01-16 05:30:44', '0000-00-00 00:00:00'),
('CL000143', 'MH03', 'SV046', 9, 3, 7, 2020, '2023-01-16 05:30:44', '0000-00-00 00:00:00'),
('CL000144', 'MH05', 'SV089', 10, 2, 6, 2020, '2023-01-16 05:30:44', '0000-00-00 00:00:00'),
('CL000145', 'MH04', 'SV084', 2, 3, 5, 2022, '2023-01-16 05:30:44', '0000-00-00 00:00:00'),
('CL000146', 'MH02', 'SV007', 3, 8, 2, 2022, '2023-01-16 05:30:44', '0000-00-00 00:00:00'),
('CL000147', 'MH05', 'SV046', 6, 0, 5, 2023, '2023-01-16 05:30:44', '0000-00-00 00:00:00'),
('CL000148', 'MH06', 'SV077', 7, 9, 5, 2020, '2023-01-16 05:30:44', '0000-00-00 00:00:00'),
('CL000149', 'MH01', 'SV070', 10, 10, 1, 2021, '2023-01-16 05:30:44', '0000-00-00 00:00:00'),
('CL000150', 'MH01', 'SV068', 7, 5, 9, 2020, '2023-01-16 05:30:44', '0000-00-00 00:00:00'),
('CL000151', 'MH07', 'SV049', 10, 9, 6, 2021, '2023-01-16 05:30:44', '0000-00-00 00:00:00'),
('CL000152', 'MH02', 'SV083', 8, 1, 6, 2022, '2023-01-16 05:30:44', '0000-00-00 00:00:00'),
('CL000153', 'MH04', 'SV076', 6, 7, 6, 2022, '2023-01-16 05:30:44', '0000-00-00 00:00:00'),
('CL000154', 'MH07', 'SV052', 8, 4, 8, 2020, '2023-01-16 05:30:44', '0000-00-00 00:00:00'),
('CL000155', 'MH06', 'SV064', 4, 1, 4, 2021, '2023-01-16 05:30:44', '0000-00-00 00:00:00'),
('CL000156', 'MH08', 'SV033', 5, 10, 1, 2023, '2023-01-16 05:30:44', '0000-00-00 00:00:00'),
('CL000157', 'MH03', 'SV090', 6, 3, 4, 2020, '2023-01-16 05:30:44', '0000-00-00 00:00:00'),
('CL000158', 'MH04', 'SV013', 7, 2, 9, 2020, '2023-01-16 05:30:44', '0000-00-00 00:00:00'),
('CL000159', 'MH02', 'SV034', 5, 3, 9, 2022, '2023-01-16 05:30:44', '0000-00-00 00:00:00'),
('CL000160', 'MH07', 'SV054', 7, 6, 0, 2022, '2023-01-16 05:30:44', '0000-00-00 00:00:00'),
('CL000161', 'MH09', 'SV018', 5, 1, 5, 2021, '2023-01-16 05:30:44', '0000-00-00 00:00:00'),
('CL000162', 'MH03', 'SV078', 2, 2, 7, 2022, '2023-01-16 05:30:44', '0000-00-00 00:00:00'),
('CL000163', 'MH04', 'SV029', 9, 5, 10, 2023, '2023-01-16 05:30:44', '0000-00-00 00:00:00'),
('CL000164', 'MH07', 'SV003', 9, 9, 8, 2022, '2023-01-16 05:30:44', '0000-00-00 00:00:00'),
('CL000165', 'MH02', 'SV002', 2, 9, 6, 2023, '2023-01-16 05:30:44', '0000-00-00 00:00:00'),
('CL000166', 'MH02', 'SV023', 6, 3, 3, 2023, '2023-01-16 05:30:44', '0000-00-00 00:00:00'),
('CL000167', 'MH01', 'SV022', 10, 10, 0, 2022, '2023-01-16 05:30:44', '0000-00-00 00:00:00'),
('CL000168', 'MH04', 'SV033', 3, 1, 4, 2021, '2023-01-16 05:30:44', '0000-00-00 00:00:00'),
('CL000169', 'MH05', 'SV057', 0, 6, 0, 2021, '2023-01-16 05:30:44', '0000-00-00 00:00:00'),
('CL000170', 'MH08', 'SV009', 2, 5, 9, 2021, '2023-01-16 05:30:44', '0000-00-00 00:00:00'),
('CL000171', 'MH06', 'SV097', 2, 6, 3, 2020, '2023-01-16 05:30:44', '0000-00-00 00:00:00'),
('CL000172', 'MH01', 'SV013', 5, 4, 8, 2023, '2023-01-16 05:30:44', '0000-00-00 00:00:00'),
('CL000173', 'MH07', 'SV100', 10, 9, 8, 2020, '2023-01-16 05:30:44', '0000-00-00 00:00:00'),
('CL000174', 'MH02', 'SV028', 8, 4, 2, 2021, '2023-01-16 05:30:44', '0000-00-00 00:00:00'),
('CL000175', 'MH04', 'SV044', 2, 6, 8, 2021, '2023-01-16 05:30:44', '0000-00-00 00:00:00'),
('CL000176', 'MH01', 'SV057', 7, 7, 4, 2023, '2023-01-16 05:30:44', '0000-00-00 00:00:00'),
('CL000177', 'MH06', 'SV061', 2, 5, 8, 2023, '2023-01-16 05:30:44', '0000-00-00 00:00:00'),
('CL000178', 'MH02', 'SV047', 5, 7, 7, 2023, '2023-01-16 05:30:44', '0000-00-00 00:00:00'),
('CL000179', 'MH07', 'SV015', 1, 4, 5, 2020, '2023-01-16 05:30:44', '0000-00-00 00:00:00'),
('CL000180', 'MH03', 'SV090', 9, 2, 7, 2022, '2023-01-16 05:30:44', '0000-00-00 00:00:00'),
('CL000181', 'MH06', 'SV050', 8, 3, 0, 2023, '2023-01-16 05:30:44', '0000-00-00 00:00:00'),
('CL000182', 'MH02', 'SV019', 3, 9, 9, 2023, '2023-01-16 05:30:44', '0000-00-00 00:00:00'),
('CL000183', 'MH04', 'SV085', 8, 3, 7, 2020, '2023-01-16 05:30:44', '0000-00-00 00:00:00'),
('CL000184', 'MH02', 'SV070', 9, 9, 10, 2023, '2023-01-16 05:30:44', '0000-00-00 00:00:00'),
('CL000185', 'MH07', 'SV067', 10, 9, 10, 2023, '2023-01-16 05:30:44', '0000-00-00 00:00:00'),
('CL000186', 'MH01', 'SV019', 0, 0, 3, 2021, '2023-01-16 05:30:44', '0000-00-00 00:00:00'),
('CL000187', 'MH03', 'SV086', 7, 2, 6, 2022, '2023-01-16 05:30:44', '0000-00-00 00:00:00'),
('CL000188', 'MH03', 'SV027', 8, 3, 7, 2023, '2023-01-16 05:30:44', '0000-00-00 00:00:00'),
('CL000189', 'MH08', 'SV032', 7, 0, 7, 2023, '2023-01-16 05:30:44', '0000-00-00 00:00:00'),
('CL000190', 'MH02', 'SV039', 7, 5, 7, 2023, '2023-01-16 05:30:44', '0000-00-00 00:00:00'),
('CL000191', 'MH05', 'SV098', 10, 6, 1, 2021, '2023-01-16 05:30:44', '0000-00-00 00:00:00'),
('CL000192', 'MH05', 'SV042', 1, 1, 1, 2021, '2023-01-16 05:30:44', '0000-00-00 00:00:00'),
('CL000193', 'MH07', 'SV005', 9, 5, 5, 2023, '2023-01-16 05:30:44', '0000-00-00 00:00:00'),
('CL000194', 'MH07', 'SV097', 2, 2, 2, 2020, '2023-01-16 05:30:44', '0000-00-00 00:00:00'),
('CL000195', 'MH05', 'SV064', 6, 7, 2, 2021, '2023-01-16 05:30:44', '0000-00-00 00:00:00'),
('CL000196', 'MH07', 'SV005', 1, 3, 0, 2020, '2023-01-16 05:30:44', '0000-00-00 00:00:00'),
('CL000197', 'MH02', 'SV050', 5, 8, 1, 2022, '2023-01-16 05:30:44', '0000-00-00 00:00:00'),
('CL000198', 'MH03', 'SV098', 5, 10, 5, 2021, '2023-01-16 05:30:44', '0000-00-00 00:00:00'),
('CL000199', 'MH03', 'SV023', 4, 0, 7, 2020, '2023-01-16 05:30:44', '0000-00-00 00:00:00'),
('CL000200', 'MH08', 'SV017', 4, 1, 4, 2020, '2023-01-16 05:30:44', '0000-00-00 00:00:00'),
('CL000201', 'MH05', 'SV046', 6, 6, 4, 2022, '2023-01-16 05:30:44', '0000-00-00 00:00:00'),
('CL000202', 'MH07', 'SV064', 0, 9, 10, 2023, '2023-01-16 05:30:44', '0000-00-00 00:00:00'),
('CL000203', 'MH02', 'SV009', 8, 1, 1, 2022, '2023-01-16 05:30:44', '0000-00-00 00:00:00'),
('CL000204', 'MH08', 'SV096', 10, 7, 9, 2023, '2023-01-16 05:30:44', '0000-00-00 00:00:00'),
('CL000205', 'MH02', 'SV085', 3, 1, 5, 2022, '2023-01-16 05:30:44', '0000-00-00 00:00:00'),
('CL000206', 'MH04', 'SV087', 7, 8, 5, 2022, '2023-01-16 05:30:44', '0000-00-00 00:00:00'),
('CL000207', 'MH01', 'SV007', 9, 4, 0, 2020, '2023-01-16 05:30:44', '0000-00-00 00:00:00'),
('CL000208', 'MH02', 'SV022', 0, 9, 5, 2021, '2023-01-16 05:30:44', '0000-00-00 00:00:00'),
('CL000209', 'MH05', 'SV056', 1, 0, 7, 2021, '2023-01-16 05:30:44', '0000-00-00 00:00:00'),
('CL000210', 'MH07', 'SV035', 1, 5, 10, 2022, '2023-01-16 05:30:44', '0000-00-00 00:00:00'),
('CL000211', 'MH01', 'SV037', 7, 8, 7, 2022, '2023-01-16 05:30:44', '0000-00-00 00:00:00'),
('CL000212', 'MH07', 'SV062', 10, 4, 3, 2022, '2023-01-16 05:30:44', '0000-00-00 00:00:00'),
('CL000213', 'MH04', 'SV083', 5, 9, 0, 2021, '2023-01-16 05:30:44', '0000-00-00 00:00:00'),
('CL000214', 'MH04', 'SV073', 10, 5, 5, 2020, '2023-01-16 05:30:44', '0000-00-00 00:00:00'),
('CL000215', 'MH06', 'SV007', 7, 9, 8, 2022, '2023-01-16 05:30:44', '0000-00-00 00:00:00'),
('CL000216', 'MH04', 'SV073', 1, 0, 0, 2022, '2023-01-16 05:30:44', '0000-00-00 00:00:00'),
('CL000217', 'MH02', 'SV060', 0, 7, 0, 2020, '2023-01-16 05:30:44', '0000-00-00 00:00:00'),
('CL000218', 'MH04', 'SV060', 10, 1, 7, 2021, '2023-01-16 05:30:44', '0000-00-00 00:00:00'),
('CL000219', 'MH07', 'SV060', 0, 6, 7, 2022, '2023-01-16 05:30:44', '0000-00-00 00:00:00'),
('CL000220', 'MH09', 'SV065', 6, 2, 5, 2021, '2023-01-16 05:30:44', '0000-00-00 00:00:00'),
('CL000221', 'MH06', 'SV068', 1, 9, 3, 2022, '2023-01-16 05:30:44', '0000-00-00 00:00:00'),
('CL000222', 'MH08', 'SV020', 6, 4, 2, 2021, '2023-01-16 05:30:44', '0000-00-00 00:00:00'),
('CL000223', 'MH08', 'SV018', 0, 7, 9, 2022, '2023-01-16 05:30:44', '0000-00-00 00:00:00'),
('CL000224', 'MH03', 'SV035', 3, 5, 9, 2021, '2023-01-16 05:30:44', '0000-00-00 00:00:00'),
('CL000225', 'MH08', 'SV088', 4, 0, 10, 2023, '2023-01-16 05:30:44', '0000-00-00 00:00:00'),
('CL000226', 'MH04', 'SV001', 6, 10, 1, 2020, '2023-01-16 05:30:44', '0000-00-00 00:00:00'),
('CL000227', 'MH01', 'SV021', 7, 3, 2, 2022, '2023-01-16 05:30:44', '0000-00-00 00:00:00'),
('CL000228', 'MH08', 'SV086', 7, 0, 6, 2023, '2023-01-16 05:30:44', '0000-00-00 00:00:00'),
('CL000229', 'MH03', 'SV070', 2, 6, 9, 2021, '2023-01-16 05:30:44', '0000-00-00 00:00:00'),
('CL000230', 'MH02', 'SV030', 0, 5, 1, 2022, '2023-01-16 05:30:44', '0000-00-00 00:00:00'),
('CL000231', 'MH05', 'SV024', 9, 6, 5, 2021, '2023-01-16 05:30:44', '0000-00-00 00:00:00'),
('CL000232', 'MH08', 'SV062', 4, 5, 0, 2021, '2023-01-16 05:30:44', '0000-00-00 00:00:00'),
('CL000233', 'MH01', 'SV093', 0, 10, 5, 2022, '2023-01-16 05:30:44', '0000-00-00 00:00:00'),
('CL000234', 'MH05', 'SV056', 9, 6, 3, 2022, '2023-01-16 05:30:44', '0000-00-00 00:00:00'),
('CL000235', 'MH05', 'SV071', 4, 3, 7, 2022, '2023-01-16 05:30:44', '0000-00-00 00:00:00'),
('CL000236', 'MH08', 'SV062', 3, 6, 9, 2021, '2023-01-16 05:30:44', '0000-00-00 00:00:00'),
('CL000237', 'MH08', 'SV042', 4, 2, 6, 2023, '2023-01-16 05:30:44', '0000-00-00 00:00:00'),
('CL000238', 'MH06', 'SV062', 4, 2, 9, 2023, '2023-01-16 05:30:44', '0000-00-00 00:00:00'),
('CL000239', 'MH04', 'SV048', 0, 7, 0, 2020, '2023-01-16 05:30:44', '0000-00-00 00:00:00'),
('CL000240', 'MH06', 'SV046', 8, 3, 3, 2021, '2023-01-16 05:30:44', '0000-00-00 00:00:00'),
('CL000241', 'MH09', 'SV081', 7, 0, 3, 2020, '2023-01-16 05:30:44', '0000-00-00 00:00:00'),
('CL000242', 'MH07', 'SV064', 0, 5, 0, 2022, '2023-01-16 05:30:44', '0000-00-00 00:00:00'),
('CL000243', 'MH08', 'SV030', 3, 9, 7, 2023, '2023-01-16 05:30:44', '0000-00-00 00:00:00'),
('CL000244', 'MH05', 'SV092', 6, 1, 3, 2023, '2023-01-16 05:30:44', '0000-00-00 00:00:00'),
('CL000245', 'MH06', 'SV018', 10, 3, 8, 2021, '2023-01-16 05:30:44', '0000-00-00 00:00:00'),
('CL000246', 'MH03', 'SV096', 0, 4, 10, 2020, '2023-01-16 05:30:44', '0000-00-00 00:00:00'),
('CL000247', 'MH08', 'SV060', 0, 4, 2, 2020, '2023-01-16 05:30:44', '0000-00-00 00:00:00'),
('CL000248', 'MH07', 'SV063', 5, 3, 3, 2020, '2023-01-16 05:30:44', '0000-00-00 00:00:00'),
('CL000249', 'MH01', 'SV011', 0, 8, 3, 2022, '2023-01-16 05:30:44', '0000-00-00 00:00:00'),
('CL000250', 'MH05', 'SV009', 1, 5, 8, 2021, '2023-01-16 05:30:44', '0000-00-00 00:00:00'),
('CL000251', 'MH02', 'SV077', 2, 9, 1, 2020, '2023-01-16 05:30:44', '0000-00-00 00:00:00'),
('CL000252', 'MH03', 'SV087', 0, 7, 10, 2021, '2023-01-16 05:30:44', '0000-00-00 00:00:00'),
('CL000253', 'MH06', 'SV085', 7, 1, 4, 2020, '2023-01-16 05:30:44', '0000-00-00 00:00:00'),
('CL000254', 'MH01', 'SV088', 5, 0, 3, 2020, '2023-01-16 05:30:44', '0000-00-00 00:00:00'),
('CL000255', 'MH01', 'SV027', 1, 10, 8, 2020, '2023-01-16 05:30:44', '0000-00-00 00:00:00'),
('CL000256', 'MH09', 'SV032', 5, 5, 10, 2020, '2023-01-16 05:30:44', '0000-00-00 00:00:00'),
('CL000257', 'MH09', 'SV066', 10, 8, 0, 2023, '2023-01-16 05:30:44', '0000-00-00 00:00:00'),
('CL000258', 'MH08', 'SV056', 2, 4, 9, 2021, '2023-01-16 05:30:44', '0000-00-00 00:00:00'),
('CL000259', 'MH05', 'SV098', 10, 2, 10, 2022, '2023-01-16 05:30:44', '0000-00-00 00:00:00'),
('CL000260', 'MH03', 'SV059', 4, 9, 2, 2023, '2023-01-16 05:30:44', '0000-00-00 00:00:00'),
('CL000261', 'MH09', 'SV066', 7, 10, 1, 2021, '2023-01-16 05:30:44', '0000-00-00 00:00:00'),
('CL000262', 'MH09', 'SV041', 0, 4, 7, 2020, '2023-01-16 05:30:44', '0000-00-00 00:00:00'),
('CL000263', 'MH04', 'SV055', 9, 0, 9, 2021, '2023-01-16 05:30:44', '0000-00-00 00:00:00'),
('CL000264', 'MH05', 'SV054', 7, 6, 7, 2022, '2023-01-16 05:30:44', '0000-00-00 00:00:00'),
('CL000265', 'MH07', 'SV077', 7, 5, 3, 2022, '2023-01-16 05:30:44', '0000-00-00 00:00:00'),
('CL000266', 'MH01', 'SV060', 5, 1, 7, 2023, '2023-01-16 05:30:44', '0000-00-00 00:00:00'),
('CL000267', 'MH09', 'SV053', 7, 3, 8, 2021, '2023-01-16 05:30:44', '0000-00-00 00:00:00'),
('CL000268', 'MH03', 'SV042', 9, 4, 3, 2020, '2023-01-16 05:30:44', '0000-00-00 00:00:00'),
('CL000269', 'MH02', 'SV098', 0, 2, 2, 2021, '2023-01-16 05:30:44', '0000-00-00 00:00:00'),
('CL000270', 'MH08', 'SV068', 7, 0, 8, 2021, '2023-01-16 05:30:44', '0000-00-00 00:00:00'),
('CL000271', 'MH04', 'SV043', 8, 3, 3, 2020, '2023-01-16 05:30:44', '0000-00-00 00:00:00'),
('CL000272', 'MH08', 'SV070', 1, 9, 7, 2021, '2023-01-16 05:30:44', '0000-00-00 00:00:00'),
('CL000273', 'MH01', 'SV094', 1, 10, 0, 2020, '2023-01-16 05:30:44', '0000-00-00 00:00:00'),
('CL000274', 'MH05', 'SV060', 3, 7, 1, 2022, '2023-01-16 05:30:44', '0000-00-00 00:00:00'),
('CL000275', 'MH01', 'SV058', 2, 5, 6, 2023, '2023-01-16 05:30:44', '0000-00-00 00:00:00'),
('CL000276', 'MH02', 'SV092', 2, 0, 2, 2021, '2023-01-16 05:30:44', '0000-00-00 00:00:00'),
('CL000277', 'MH08', 'SV034', 0, 2, 4, 2022, '2023-01-16 05:30:44', '0000-00-00 00:00:00'),
('CL000278', 'MH01', 'SV049', 4, 10, 1, 2021, '2023-01-16 05:30:44', '0000-00-00 00:00:00'),
('CL000279', 'MH09', 'SV019', 3, 0, 6, 2022, '2023-01-16 05:30:44', '0000-00-00 00:00:00'),
('CL000280', 'MH04', 'SV006', 9, 5, 4, 2020, '2023-01-16 05:30:44', '0000-00-00 00:00:00'),
('CL000281', 'MH02', 'SV010', 5, 0, 4, 2023, '2023-01-16 05:30:44', '0000-00-00 00:00:00'),
('CL000282', 'MH07', 'SV095', 5, 6, 0, 2020, '2023-01-16 05:30:44', '0000-00-00 00:00:00'),
('CL000283', 'MH02', 'SV090', 0, 7, 4, 2023, '2023-01-16 05:30:44', '0000-00-00 00:00:00'),
('CL000284', 'MH07', 'SV073', 9, 5, 1, 2022, '2023-01-16 05:30:44', '0000-00-00 00:00:00'),
('CL000285', 'MH05', 'SV020', 0, 2, 6, 2021, '2023-01-16 05:30:44', '0000-00-00 00:00:00'),
('CL000286', 'MH08', 'SV075', 8, 0, 9, 2023, '2023-01-16 05:30:44', '0000-00-00 00:00:00'),
('CL000287', 'MH03', 'SV093', 5, 3, 10, 2023, '2023-01-16 05:30:44', '0000-00-00 00:00:00'),
('CL000288', 'MH02', 'SV100', 10, 2, 4, 2020, '2023-01-16 05:30:44', '0000-00-00 00:00:00'),
('CL000289', 'MH09', 'SV050', 0, 3, 1, 2020, '2023-01-16 05:30:44', '0000-00-00 00:00:00'),
('CL000290', 'MH07', 'SV100', 0, 9, 3, 2023, '2023-01-16 05:30:44', '0000-00-00 00:00:00'),
('CL000291', 'MH05', 'SV047', 3, 3, 1, 2023, '2023-01-16 05:30:44', '0000-00-00 00:00:00'),
('CL000292', 'MH06', 'SV039', 5, 4, 4, 2021, '2023-01-16 05:30:44', '0000-00-00 00:00:00'),
('CL000293', 'MH07', 'SV075', 9, 8, 10, 2021, '2023-01-16 05:30:44', '0000-00-00 00:00:00'),
('CL000294', 'MH01', 'SV092', 9, 3, 3, 2022, '2023-01-16 05:30:44', '0000-00-00 00:00:00'),
('CL000295', 'MH03', 'SV070', 0, 8, 9, 2021, '2023-01-16 05:30:44', '0000-00-00 00:00:00'),
('CL000296', 'MH03', 'SV087', 10, 4, 7, 2020, '2023-01-16 05:30:44', '0000-00-00 00:00:00'),
('CL000297', 'MH05', 'SV010', 3, 5, 5, 2021, '2023-01-16 05:30:44', '0000-00-00 00:00:00'),
('CL000298', 'MH05', 'SV009', 0, 7, 1, 2023, '2023-01-16 05:30:44', '0000-00-00 00:00:00'),
('CL000299', 'MH09', 'SV056', 1, 1, 3, 2022, '2023-01-16 05:30:44', '0000-00-00 00:00:00'),
('CL000300', 'MH04', 'SV092', 2, 6, 2, 2022, '2023-01-16 05:30:44', '0000-00-00 00:00:00'),
('CL000301', 'MH04', 'SV054', 7, 2, 2, 2021, '2023-01-16 05:30:44', '0000-00-00 00:00:00'),
('CL000302', 'MH01', 'SV070', 7, 1, 2, 2021, '2023-01-16 05:30:44', '0000-00-00 00:00:00'),
('CL000303', 'MH08', 'SV089', 0, 5, 4, 2023, '2023-01-16 05:30:44', '0000-00-00 00:00:00'),
('CL000304', 'MH07', 'SV072', 1, 6, 9, 2021, '2023-01-16 05:30:44', '0000-00-00 00:00:00'),
('CL000305', 'MH01', 'SV034', 3, 3, 4, 2023, '2023-01-16 05:30:44', '0000-00-00 00:00:00'),
('CL000306', 'MH01', 'SV027', 0, 2, 0, 2023, '2023-01-16 05:30:44', '0000-00-00 00:00:00'),
('CL000307', 'MH05', 'SV079', 7, 1, 6, 2022, '2023-01-16 05:30:44', '0000-00-00 00:00:00'),
('CL000308', 'MH07', 'SV087', 7, 5, 2, 2023, '2023-01-16 05:30:44', '0000-00-00 00:00:00'),
('CL000309', 'MH07', 'SV045', 8, 7, 8, 2023, '2023-01-16 05:30:44', '0000-00-00 00:00:00'),
('CL000310', 'MH03', 'SV099', 7, 4, 4, 2021, '2023-01-16 05:30:44', '0000-00-00 00:00:00'),
('CL000311', 'MH03', 'SV096', 3, 5, 7, 2022, '2023-01-16 05:30:44', '0000-00-00 00:00:00'),
('CL000312', 'MH04', 'SV036', 5, 2, 0, 2022, '2023-01-16 05:30:44', '0000-00-00 00:00:00'),
('CL000313', 'MH02', 'SV014', 3, 4, 0, 2021, '2023-01-16 05:30:44', '0000-00-00 00:00:00'),
('CL000314', 'MH08', 'SV019', 4, 7, 6, 2020, '2023-01-16 05:30:44', '0000-00-00 00:00:00'),
('CL000315', 'MH08', 'SV005', 7, 3, 4, 2021, '2023-01-16 05:30:44', '0000-00-00 00:00:00'),
('CL000316', 'MH05', 'SV027', 6, 1, 9, 2023, '2023-01-16 05:30:44', '0000-00-00 00:00:00'),
('CL000317', 'MH06', 'SV045', 0, 9, 5, 2021, '2023-01-16 05:30:44', '0000-00-00 00:00:00'),
('CL000318', 'MH04', 'SV041', 2, 3, 9, 2022, '2023-01-16 05:30:44', '0000-00-00 00:00:00'),
('CL000319', 'MH05', 'SV041', 4, 5, 3, 2020, '2023-01-16 05:30:44', '0000-00-00 00:00:00'),
('CL000320', 'MH09', 'SV090', 0, 10, 3, 2021, '2023-01-16 05:30:44', '0000-00-00 00:00:00'),
('CL000321', 'MH04', 'SV093', 6, 10, 6, 2021, '2023-01-16 05:30:44', '0000-00-00 00:00:00'),
('CL000322', 'MH07', 'SV026', 9, 5, 4, 2020, '2023-01-16 05:30:44', '0000-00-00 00:00:00'),
('CL000323', 'MH03', 'SV094', 7, 0, 10, 2021, '2023-01-16 05:30:44', '0000-00-00 00:00:00'),
('CL000324', 'MH07', 'SV021', 2, 1, 8, 2021, '2023-01-16 05:30:44', '0000-00-00 00:00:00'),
('CL000325', 'MH01', 'SV018', 8, 10, 4, 2022, '2023-01-16 05:30:44', '0000-00-00 00:00:00'),
('CL000326', 'MH07', 'SV074', 2, 7, 5, 2021, '2023-01-16 05:30:44', '0000-00-00 00:00:00'),
('CL000327', 'MH03', 'SV058', 1, 4, 7, 2023, '2023-01-16 05:30:44', '0000-00-00 00:00:00'),
('CL000328', 'MH05', 'SV034', 6, 2, 3, 2023, '2023-01-16 05:30:44', '0000-00-00 00:00:00'),
('CL000329', 'MH04', 'SV088', 8, 2, 4, 2023, '2023-01-16 05:30:44', '0000-00-00 00:00:00'),
('CL000330', 'MH05', 'SV048', 10, 10, 9, 2023, '2023-01-16 05:30:44', '0000-00-00 00:00:00'),
('CL000331', 'MH02', 'SV016', 7, 6, 2, 2020, '2023-01-16 05:30:44', '0000-00-00 00:00:00'),
('CL000332', 'MH05', 'SV043', 2, 10, 2, 2022, '2023-01-16 05:30:44', '0000-00-00 00:00:00'),
('CL000333', 'MH04', 'SV066', 3, 9, 1, 2023, '2023-01-16 05:30:44', '0000-00-00 00:00:00'),
('CL000334', 'MH04', 'SV063', 7, 3, 10, 2023, '2023-01-16 05:30:44', '0000-00-00 00:00:00'),
('CL000335', 'MH05', 'SV030', 2, 4, 10, 2021, '2023-01-16 05:30:44', '0000-00-00 00:00:00'),
('CL000336', 'MH09', 'SV017', 4, 8, 10, 2021, '2023-01-16 05:30:44', '0000-00-00 00:00:00'),
('CL000337', 'MH03', 'SV032', 2, 8, 9, 2021, '2023-01-16 05:30:44', '0000-00-00 00:00:00'),
('CL000338', 'MH07', 'SV039', 5, 7, 6, 2022, '2023-01-16 05:30:44', '0000-00-00 00:00:00'),
('CL000339', 'MH09', 'SV029', 2, 8, 1, 2023, '2023-01-16 05:30:44', '0000-00-00 00:00:00'),
('CL000340', 'MH01', 'SV022', 4, 10, 0, 2021, '2023-01-16 05:30:44', '0000-00-00 00:00:00'),
('CL000341', 'MH05', 'SV080', 10, 10, 8, 2023, '2023-01-16 05:30:44', '0000-00-00 00:00:00'),
('CL000342', 'MH02', 'SV037', 10, 1, 2, 2022, '2023-01-16 05:30:44', '0000-00-00 00:00:00'),
('CL000343', 'MH06', 'SV047', 1, 1, 2, 2023, '2023-01-16 05:30:44', '0000-00-00 00:00:00'),
('CL000344', 'MH05', 'SV067', 8, 10, 2, 2021, '2023-01-16 05:30:44', '0000-00-00 00:00:00'),
('CL000345', 'MH02', 'SV035', 6, 10, 0, 2023, '2023-01-16 05:30:44', '0000-00-00 00:00:00'),
('CL000346', 'MH06', 'SV015', 4, 5, 5, 2022, '2023-01-16 05:30:44', '0000-00-00 00:00:00'),
('CL000347', 'MH08', 'SV064', 0, 5, 9, 2022, '2023-01-16 05:30:44', '0000-00-00 00:00:00'),
('CL000348', 'MH02', 'SV085', 1, 9, 5, 2020, '2023-01-16 05:30:44', '0000-00-00 00:00:00'),
('CL000349', 'MH04', 'SV020', 10, 9, 0, 2023, '2023-01-16 05:30:44', '0000-00-00 00:00:00'),
('CL000350', 'MH03', 'SV045', 9, 8, 3, 2020, '2023-01-16 05:30:44', '0000-00-00 00:00:00'),
('CL000351', 'MH03', 'SV039', 1, 8, 8, 2022, '2023-01-16 05:30:44', '0000-00-00 00:00:00'),
('CL000352', 'MH07', 'SV072', 2, 0, 7, 2023, '2023-01-16 05:30:44', '0000-00-00 00:00:00'),
('CL000353', 'MH02', 'SV003', 5, 10, 10, 2023, '2023-01-16 05:30:44', '0000-00-00 00:00:00'),
('CL000354', 'MH05', 'SV005', 10, 6, 7, 2022, '2023-01-16 05:30:44', '0000-00-00 00:00:00'),
('CL000355', 'MH06', 'SV100', 0, 1, 7, 2022, '2023-01-16 05:30:44', '0000-00-00 00:00:00'),
('CL000356', 'MH04', 'SV088', 3, 4, 7, 2020, '2023-01-16 05:30:44', '0000-00-00 00:00:00'),
('CL000357', 'MH06', 'SV081', 8, 1, 3, 2021, '2023-01-16 05:30:44', '0000-00-00 00:00:00'),
('CL000358', 'MH09', 'SV017', 10, 10, 10, 2023, '2023-01-16 05:30:44', '0000-00-00 00:00:00'),
('CL000359', 'MH05', 'SV083', 7, 8, 4, 2020, '2023-01-16 05:30:44', '0000-00-00 00:00:00'),
('CL000360', 'MH05', 'SV010', 5, 4, 5, 2023, '2023-01-16 05:30:44', '0000-00-00 00:00:00'),
('CL000361', 'MH09', 'SV100', 7, 6, 7, 2023, '2023-01-16 05:30:44', '0000-00-00 00:00:00'),
('CL000362', 'MH07', 'SV024', 3, 2, 10, 2020, '2023-01-16 05:30:44', '0000-00-00 00:00:00'),
('CL000363', 'MH01', 'SV076', 10, 7, 7, 2023, '2023-01-16 05:30:44', '0000-00-00 00:00:00'),
('CL000364', 'MH08', 'SV069', 5, 1, 8, 2023, '2023-01-16 05:30:44', '0000-00-00 00:00:00'),
('CL000365', 'MH08', 'SV032', 4, 7, 9, 2022, '2023-01-16 05:30:44', '0000-00-00 00:00:00'),
('CL000366', 'MH03', 'SV006', 7, 9, 8, 2022, '2023-01-16 05:30:44', '0000-00-00 00:00:00'),
('CL000367', 'MH07', 'SV013', 3, 8, 3, 2021, '2023-01-16 05:30:44', '0000-00-00 00:00:00'),
('CL000368', 'MH07', 'SV100', 8, 7, 4, 2023, '2023-01-16 05:30:44', '0000-00-00 00:00:00'),
('CL000369', 'MH09', 'SV065', 9, 8, 4, 2020, '2023-01-16 05:30:44', '0000-00-00 00:00:00'),
('CL000370', 'MH02', 'SV092', 4, 7, 5, 2023, '2023-01-16 05:30:44', '0000-00-00 00:00:00'),
('CL000371', 'MH09', 'SV088', 9, 5, 9, 2022, '2023-01-16 05:30:44', '0000-00-00 00:00:00'),
('CL000372', 'MH07', 'SV022', 10, 10, 5, 2022, '2023-01-16 05:30:44', '0000-00-00 00:00:00'),
('CL000373', 'MH03', 'SV012', 0, 1, 2, 2021, '2023-01-16 05:30:44', '0000-00-00 00:00:00'),
('CL000374', 'MH03', 'SV054', 6, 5, 6, 2021, '2023-01-16 05:30:44', '0000-00-00 00:00:00'),
('CL000375', 'MH05', 'SV006', 7, 7, 2, 2022, '2023-01-16 05:30:44', '0000-00-00 00:00:00'),
('CL000376', 'MH09', 'SV021', 0, 3, 1, 2021, '2023-01-16 05:30:44', '0000-00-00 00:00:00'),
('CL000377', 'MH06', 'SV055', 3, 8, 4, 2020, '2023-01-16 05:30:44', '0000-00-00 00:00:00'),
('CL000378', 'MH04', 'SV013', 4, 4, 8, 2022, '2023-01-16 05:30:44', '0000-00-00 00:00:00'),
('CL000379', 'MH04', 'SV038', 9, 9, 6, 2021, '2023-01-16 05:30:44', '0000-00-00 00:00:00'),
('CL000380', 'MH09', 'SV003', 3, 4, 0, 2020, '2023-01-16 05:30:44', '0000-00-00 00:00:00'),
('CL000381', 'MH05', 'SV087', 1, 5, 4, 2020, '2023-01-16 05:30:44', '0000-00-00 00:00:00'),
('CL000382', 'MH08', 'SV049', 1, 10, 1, 2021, '2023-01-16 05:30:44', '0000-00-00 00:00:00'),
('CL000383', 'MH05', 'SV095', 9, 10, 10, 2022, '2023-01-16 05:30:44', '0000-00-00 00:00:00'),
('CL000384', 'MH08', 'SV032', 3, 3, 5, 2021, '2023-01-16 05:30:44', '0000-00-00 00:00:00'),
('CL000385', 'MH08', 'SV016', 6, 7, 9, 2020, '2023-01-16 05:30:44', '0000-00-00 00:00:00'),
('CL000386', 'MH06', 'SV027', 4, 3, 2, 2022, '2023-01-16 05:30:44', '0000-00-00 00:00:00'),
('CL000387', 'MH08', 'SV084', 4, 10, 6, 2021, '2023-01-16 05:30:44', '0000-00-00 00:00:00'),
('CL000388', 'MH09', 'SV047', 5, 0, 3, 2020, '2023-01-16 05:30:44', '0000-00-00 00:00:00'),
('CL000389', 'MH08', 'SV051', 5, 4, 0, 2023, '2023-01-16 05:30:44', '0000-00-00 00:00:00'),
('CL000390', 'MH04', 'SV098', 4, 2, 10, 2021, '2023-01-16 05:30:44', '0000-00-00 00:00:00'),
('CL000391', 'MH05', 'SV043', 3, 1, 1, 2020, '2023-01-16 05:30:44', '0000-00-00 00:00:00'),
('CL000392', 'MH02', 'SV096', 7, 8, 6, 2022, '2023-01-16 05:30:44', '0000-00-00 00:00:00'),
('CL000393', 'MH01', 'SV024', 7, 0, 6, 2022, '2023-01-16 05:30:44', '0000-00-00 00:00:00'),
('CL000394', 'MH03', 'SV087', 9, 10, 4, 2022, '2023-01-16 05:30:44', '0000-00-00 00:00:00'),
('CL000395', 'MH03', 'SV057', 9, 8, 1, 2022, '2023-01-16 05:30:44', '0000-00-00 00:00:00'),
('CL000396', 'MH01', 'SV046', 3, 2, 4, 2021, '2023-01-16 05:30:44', '0000-00-00 00:00:00'),
('CL000397', 'MH09', 'SV062', 5, 4, 1, 2022, '2023-01-16 05:30:44', '0000-00-00 00:00:00'),
('CL000398', 'MH04', 'SV090', 3, 9, 10, 2022, '2023-01-16 05:30:44', '0000-00-00 00:00:00'),
('CL000399', 'MH06', 'SV060', 2, 3, 10, 2023, '2023-01-16 05:30:44', '0000-00-00 00:00:00'),
('CL000400', 'MH03', 'SV096', 4, 2, 4, 2020, '2023-01-16 05:30:44', '0000-00-00 00:00:00'),
('CL000401', 'MH05', 'SV070', 4, 6, 9, 2022, '2023-01-16 05:30:44', '0000-00-00 00:00:00'),
('CL000402', 'MH08', 'SV097', 5, 0, 4, 2020, '2023-01-16 05:30:44', '0000-00-00 00:00:00'),
('CL000403', 'MH09', 'SV015', 8, 9, 6, 2022, '2023-01-16 05:30:44', '0000-00-00 00:00:00'),
('CL000404', 'MH01', 'SV090', 4, 6, 6, 2021, '2023-01-16 05:30:44', '0000-00-00 00:00:00'),
('CL000405', 'MH02', 'SV060', 5, 10, 3, 2021, '2023-01-16 05:30:44', '0000-00-00 00:00:00'),
('CL000406', 'MH03', 'SV012', 0, 7, 4, 2022, '2023-01-16 05:30:44', '0000-00-00 00:00:00'),
('CL000407', 'MH01', 'SV042', 8, 5, 6, 2021, '2023-01-16 05:30:44', '0000-00-00 00:00:00'),
('CL000408', 'MH09', 'SV001', 2, 2, 3, 2022, '2023-01-16 05:30:44', '0000-00-00 00:00:00'),
('CL000409', 'MH09', 'SV057', 4, 4, 4, 2021, '2023-01-16 05:30:44', '0000-00-00 00:00:00'),
('CL000410', 'MH09', 'SV064', 0, 4, 2, 2023, '2023-01-16 05:30:44', '0000-00-00 00:00:00'),
('CL000411', 'MH05', 'SV052', 1, 7, 5, 2021, '2023-01-16 05:30:44', '0000-00-00 00:00:00'),
('CL000412', 'MH04', 'SV087', 2, 8, 7, 2021, '2023-01-16 05:30:44', '0000-00-00 00:00:00'),
('CL000413', 'MH02', 'SV094', 1, 4, 10, 2021, '2023-01-16 05:30:44', '0000-00-00 00:00:00'),
('CL000414', 'MH07', 'SV019', 3, 7, 3, 2021, '2023-01-16 05:30:44', '0000-00-00 00:00:00'),
('CL000415', 'MH05', 'SV097', 9, 7, 8, 2020, '2023-01-16 05:30:44', '0000-00-00 00:00:00'),
('CL000416', 'MH04', 'SV030', 6, 2, 9, 2022, '2023-01-16 05:30:44', '0000-00-00 00:00:00'),
('CL000417', 'MH05', 'SV038', 5, 8, 3, 2021, '2023-01-16 05:30:44', '0000-00-00 00:00:00'),
('CL000418', 'MH05', 'SV093', 1, 3, 5, 2023, '2023-01-16 05:30:44', '0000-00-00 00:00:00'),
('CL000419', 'MH03', 'SV011', 5, 9, 4, 2022, '2023-01-16 05:30:44', '0000-00-00 00:00:00'),
('CL000420', 'MH09', 'SV078', 9, 1, 6, 2021, '2023-01-16 05:30:44', '0000-00-00 00:00:00'),
('CL000421', 'MH01', 'SV090', 6, 6, 1, 2020, '2023-01-16 05:30:44', '0000-00-00 00:00:00'),
('CL000422', 'MH02', 'SV085', 9, 10, 10, 2022, '2023-01-16 05:30:44', '0000-00-00 00:00:00'),
('CL000423', 'MH06', 'SV020', 7, 6, 1, 2022, '2023-01-16 05:30:44', '0000-00-00 00:00:00'),
('CL000424', 'MH02', 'SV058', 2, 1, 0, 2022, '2023-01-16 05:30:44', '0000-00-00 00:00:00'),
('CL000425', 'MH01', 'SV072', 4, 3, 1, 2022, '2023-01-16 05:30:44', '0000-00-00 00:00:00'),
('CL000426', 'MH05', 'SV014', 4, 9, 6, 2022, '2023-01-16 05:30:44', '0000-00-00 00:00:00'),
('CL000427', 'MH01', 'SV077', 8, 3, 4, 2021, '2023-01-16 05:30:44', '0000-00-00 00:00:00'),
('CL000428', 'MH08', 'SV038', 10, 10, 5, 2021, '2023-01-16 05:30:44', '0000-00-00 00:00:00'),
('CL000429', 'MH03', 'SV083', 4, 6, 5, 2021, '2023-01-16 05:30:44', '0000-00-00 00:00:00'),
('CL000430', 'MH08', 'SV100', 9, 9, 3, 2022, '2023-01-16 05:30:44', '0000-00-00 00:00:00'),
('CL000431', 'MH01', 'SV073', 7, 5, 10, 2021, '2023-01-16 05:30:44', '0000-00-00 00:00:00'),
('CL000432', 'MH04', 'SV060', 6, 8, 3, 2023, '2023-01-16 05:30:44', '0000-00-00 00:00:00'),
('CL000433', 'MH05', 'SV077', 7, 6, 5, 2021, '2023-01-16 05:30:44', '0000-00-00 00:00:00'),
('CL000434', 'MH04', 'SV019', 2, 6, 7, 2020, '2023-01-16 05:30:44', '0000-00-00 00:00:00'),
('CL000435', 'MH09', 'SV059', 10, 9, 8, 2023, '2023-01-16 05:30:44', '0000-00-00 00:00:00'),
('CL000436', 'MH01', 'SV056', 0, 9, 6, 2020, '2023-01-16 05:30:44', '0000-00-00 00:00:00'),
('CL000437', 'MH04', 'SV092', 3, 7, 1, 2020, '2023-01-16 05:30:44', '0000-00-00 00:00:00'),
('CL000438', 'MH07', 'SV054', 10, 8, 10, 2020, '2023-01-16 05:30:44', '0000-00-00 00:00:00'),
('CL000439', 'MH07', 'SV086', 2, 1, 1, 2022, '2023-01-16 05:30:44', '0000-00-00 00:00:00'),
('CL000440', 'MH05', 'SV016', 3, 8, 2, 2021, '2023-01-16 05:30:44', '0000-00-00 00:00:00'),
('CL000441', 'MH05', 'SV093', 2, 6, 0, 2023, '2023-01-16 05:30:44', '0000-00-00 00:00:00'),
('CL000442', 'MH09', 'SV004', 5, 1, 7, 2023, '2023-01-16 05:30:44', '0000-00-00 00:00:00'),
('CL000443', 'MH07', 'SV041', 0, 8, 7, 2022, '2023-01-16 05:30:44', '0000-00-00 00:00:00'),
('CL000444', 'MH08', 'SV041', 10, 2, 6, 2020, '2023-01-16 05:30:44', '0000-00-00 00:00:00'),
('CL000445', 'MH03', 'SV098', 9, 7, 10, 2020, '2023-01-16 05:30:44', '0000-00-00 00:00:00'),
('CL000446', 'MH06', 'SV041', 5, 3, 6, 2022, '2023-01-16 05:30:44', '0000-00-00 00:00:00'),
('CL000447', 'MH04', 'SV006', 10, 8, 10, 2021, '2023-01-16 05:30:44', '0000-00-00 00:00:00'),
('CL000448', 'MH03', 'SV039', 6, 3, 2, 2023, '2023-01-16 05:30:44', '0000-00-00 00:00:00'),
('CL000449', 'MH05', 'SV089', 10, 4, 5, 2023, '2023-01-16 05:30:44', '0000-00-00 00:00:00'),
('CL000450', 'MH05', 'SV068', 8, 0, 10, 2020, '2023-01-16 05:30:44', '0000-00-00 00:00:00'),
('CL000451', 'MH02', 'SV078', 0, 9, 7, 2023, '2023-01-16 05:30:44', '0000-00-00 00:00:00'),
('CL000452', 'MH06', 'SV044', 7, 8, 3, 2020, '2023-01-16 05:30:44', '0000-00-00 00:00:00'),
('CL000453', 'MH07', 'SV049', 6, 8, 6, 2022, '2023-01-16 05:30:44', '0000-00-00 00:00:00'),
('CL000454', 'MH05', 'SV077', 3, 10, 2, 2023, '2023-01-16 05:30:44', '0000-00-00 00:00:00'),
('CL000455', 'MH07', 'SV070', 6, 1, 2, 2022, '2023-01-16 05:30:44', '0000-00-00 00:00:00'),
('CL000456', 'MH09', 'SV048', 10, 0, 5, 2020, '2023-01-16 05:30:44', '0000-00-00 00:00:00'),
('CL000457', 'MH05', 'SV051', 3, 4, 3, 2021, '2023-01-16 05:30:44', '0000-00-00 00:00:00'),
('CL000458', 'MH09', 'SV077', 5, 6, 0, 2022, '2023-01-16 05:30:44', '0000-00-00 00:00:00'),
('CL000459', 'MH01', 'SV032', 2, 4, 10, 2021, '2023-01-16 05:30:44', '0000-00-00 00:00:00'),
('CL000460', 'MH01', 'SV042', 8, 4, 1, 2023, '2023-01-16 05:30:44', '0000-00-00 00:00:00'),
('CL000461', 'MH05', 'SV007', 4, 6, 2, 2023, '2023-01-16 05:30:44', '0000-00-00 00:00:00'),
('CL000462', 'MH02', 'SV095', 1, 10, 6, 2021, '2023-01-16 05:30:44', '0000-00-00 00:00:00'),
('CL000463', 'MH06', 'SV021', 1, 5, 2, 2023, '2023-01-16 05:30:44', '0000-00-00 00:00:00'),
('CL000464', 'MH08', 'SV090', 10, 1, 4, 2022, '2023-01-16 05:30:44', '0000-00-00 00:00:00'),
('CL000465', 'MH09', 'SV071', 9, 7, 10, 2020, '2023-01-16 05:30:44', '0000-00-00 00:00:00'),
('CL000466', 'MH06', 'SV055', 7, 3, 6, 2020, '2023-01-16 05:30:44', '0000-00-00 00:00:00'),
('CL000467', 'MH04', 'SV066', 5, 6, 0, 2023, '2023-01-16 05:30:44', '0000-00-00 00:00:00'),
('CL000468', 'MH04', 'SV055', 4, 10, 9, 2021, '2023-01-16 05:30:44', '0000-00-00 00:00:00'),
('CL000469', 'MH04', 'SV071', 3, 8, 4, 2023, '2023-01-16 05:30:44', '0000-00-00 00:00:00'),
('CL000470', 'MH07', 'SV089', 0, 10, 5, 2020, '2023-01-16 05:30:44', '0000-00-00 00:00:00'),
('CL000471', 'MH08', 'SV091', 2, 3, 5, 2021, '2023-01-16 05:30:44', '0000-00-00 00:00:00'),
('CL000472', 'MH08', 'SV081', 5, 4, 3, 2020, '2023-01-16 05:30:44', '0000-00-00 00:00:00'),
('CL000473', 'MH05', 'SV070', 10, 8, 6, 2020, '2023-01-16 05:30:44', '0000-00-00 00:00:00'),
('CL000474', 'MH07', 'SV001', 4, 1, 6, 2022, '2023-01-16 05:30:44', '0000-00-00 00:00:00'),
('CL000475', 'MH03', 'SV034', 5, 2, 1, 2021, '2023-01-16 05:30:44', '0000-00-00 00:00:00'),
('CL000476', 'MH09', 'SV003', 5, 6, 8, 2022, '2023-01-16 05:30:44', '0000-00-00 00:00:00'),
('CL000477', 'MH01', 'SV032', 4, 1, 1, 2021, '2023-01-16 05:30:44', '0000-00-00 00:00:00'),
('CL000478', 'MH02', 'SV032', 6, 10, 5, 2020, '2023-01-16 05:30:44', '0000-00-00 00:00:00'),
('CL000479', 'MH07', 'SV092', 2, 4, 5, 2021, '2023-01-16 05:30:44', '0000-00-00 00:00:00'),
('CL000480', 'MH02', 'SV042', 1, 8, 1, 2023, '2023-01-16 05:30:44', '0000-00-00 00:00:00'),
('CL000481', 'MH07', 'SV041', 1, 8, 8, 2020, '2023-01-16 05:30:44', '0000-00-00 00:00:00'),
('CL000482', 'MH03', 'SV039', 4, 2, 3, 2023, '2023-01-16 05:30:44', '0000-00-00 00:00:00'),
('CL000483', 'MH07', 'SV056', 0, 3, 9, 2023, '2023-01-16 05:30:44', '0000-00-00 00:00:00'),
('CL000484', 'MH02', 'SV081', 9, 9, 4, 2021, '2023-01-16 05:30:44', '0000-00-00 00:00:00'),
('CL000485', 'MH09', 'SV052', 6, 2, 10, 2022, '2023-01-16 05:30:44', '0000-00-00 00:00:00'),
('CL000486', 'MH07', 'SV096', 6, 4, 0, 2021, '2023-01-16 05:30:44', '0000-00-00 00:00:00'),
('CL000487', 'MH04', 'SV047', 8, 6, 4, 2021, '2023-01-16 05:30:44', '0000-00-00 00:00:00'),
('CL000488', 'MH04', 'SV017', 3, 7, 0, 2021, '2023-01-16 05:30:44', '0000-00-00 00:00:00'),
('CL000489', 'MH01', 'SV093', 7, 7, 8, 2021, '2023-01-16 05:30:44', '0000-00-00 00:00:00'),
('CL000490', 'MH02', 'SV024', 3, 5, 10, 2021, '2023-01-16 05:30:44', '0000-00-00 00:00:00'),
('CL000491', 'MH04', 'SV030', 7, 1, 7, 2021, '2023-01-16 05:30:44', '0000-00-00 00:00:00'),
('CL000492', 'MH08', 'SV041', 7, 7, 0, 2020, '2023-01-16 05:30:44', '0000-00-00 00:00:00'),
('CL000493', 'MH03', 'SV075', 7, 9, 9, 2020, '2023-01-16 05:30:44', '0000-00-00 00:00:00'),
('CL000494', 'MH08', 'SV076', 7, 9, 6, 2021, '2023-01-16 05:30:44', '0000-00-00 00:00:00'),
('CL000495', 'MH06', 'SV043', 9, 8, 7, 2020, '2023-01-16 05:30:44', '0000-00-00 00:00:00'),
('CL000496', 'MH09', 'SV037', 1, 1, 9, 2021, '2023-01-16 05:30:44', '0000-00-00 00:00:00'),
('CL000497', 'MH03', 'SV098', 6, 2, 4, 2021, '2023-01-16 05:30:44', '0000-00-00 00:00:00'),
('CL000498', 'MH07', 'SV058', 5, 8, 6, 2022, '2023-01-16 05:30:44', '0000-00-00 00:00:00'),
('CL000499', 'MH04', 'SV003', 0, 2, 0, 2023, '2023-01-16 05:30:44', '0000-00-00 00:00:00'),
('CL000500', 'MH08', 'SV005', 9, 4, 8, 2023, '2023-01-16 05:30:44', '0000-00-00 00:00:00'),
('CL000501', 'MH02', 'SV034', 0, 1, 9, 2023, '2023-01-16 05:30:44', '0000-00-00 00:00:00'),
('CL000502', 'MH01', 'SV093', 1, 7, 0, 2023, '2023-01-16 05:30:44', '0000-00-00 00:00:00'),
('CL000503', 'MH03', 'SV087', 2, 4, 7, 2023, '2023-01-16 05:30:44', '0000-00-00 00:00:00'),
('CL000504', 'MH05', 'SV024', 1, 2, 2, 2023, '2023-01-16 05:30:44', '0000-00-00 00:00:00'),
('CL000505', 'MH07', 'SV061', 9, 3, 7, 2021, '2023-01-16 05:30:44', '0000-00-00 00:00:00'),
('CL000506', 'MH09', 'SV041', 8, 6, 9, 2022, '2023-01-16 05:30:44', '0000-00-00 00:00:00'),
('CL000507', 'MH07', 'SV002', 6, 5, 6, 2022, '2023-01-16 05:30:44', '0000-00-00 00:00:00'),
('CL000508', 'MH03', 'SV068', 10, 5, 10, 2022, '2023-01-16 05:30:44', '0000-00-00 00:00:00'),
('CL000509', 'MH08', 'SV011', 7, 0, 6, 2020, '2023-01-16 05:30:44', '0000-00-00 00:00:00'),
('CL000510', 'MH08', 'SV045', 10, 0, 8, 2021, '2023-01-16 05:30:44', '0000-00-00 00:00:00'),
('CL000511', 'MH09', 'SV022', 8, 9, 4, 2022, '2023-01-16 05:30:44', '0000-00-00 00:00:00'),
('CL000512', 'MH03', 'SV059', 9, 7, 6, 2022, '2023-01-16 05:30:44', '0000-00-00 00:00:00'),
('CL000513', 'MH04', 'SV083', 1, 7, 0, 2022, '2023-01-16 05:30:44', '0000-00-00 00:00:00'),
('CL000514', 'MH04', 'SV004', 9, 5, 8, 2020, '2023-01-16 05:30:44', '0000-00-00 00:00:00'),
('CL000515', 'MH08', 'SV001', 3, 1, 9, 2023, '2023-01-16 05:30:44', '0000-00-00 00:00:00'),
('CL000516', 'MH02', 'SV051', 5, 7, 4, 2020, '2023-01-16 05:30:44', '0000-00-00 00:00:00'),
('CL000517', 'MH04', 'SV055', 5, 3, 7, 2020, '2023-01-16 05:30:44', '0000-00-00 00:00:00'),
('CL000518', 'MH01', 'SV071', 6, 9, 1, 2023, '2023-01-16 05:30:44', '0000-00-00 00:00:00'),
('CL000519', 'MH05', 'SV040', 4, 9, 3, 2021, '2023-01-16 05:30:44', '0000-00-00 00:00:00'),
('CL000520', 'MH06', 'SV038', 9, 7, 0, 2023, '2023-01-16 05:30:44', '0000-00-00 00:00:00'),
('CL000521', 'MH02', 'SV086', 3, 4, 0, 2022, '2023-01-16 05:30:44', '0000-00-00 00:00:00'),
('CL000522', 'MH01', 'SV053', 6, 4, 0, 2022, '2023-01-16 05:30:44', '0000-00-00 00:00:00'),
('CL000523', 'MH04', 'SV077', 5, 10, 6, 2022, '2023-01-16 05:30:44', '0000-00-00 00:00:00'),
('CL000524', 'MH03', 'SV058', 8, 8, 5, 2021, '2023-01-16 05:30:44', '0000-00-00 00:00:00'),
('CL000525', 'MH06', 'SV068', 2, 10, 5, 2023, '2023-01-16 05:30:44', '0000-00-00 00:00:00'),
('CL000526', 'MH05', 'SV040', 6, 7, 7, 2020, '2023-01-16 05:30:44', '0000-00-00 00:00:00'),
('CL000527', 'MH07', 'SV038', 4, 8, 4, 2022, '2023-01-16 05:30:44', '0000-00-00 00:00:00'),
('CL000528', 'MH09', 'SV015', 3, 9, 4, 2021, '2023-01-16 05:30:44', '0000-00-00 00:00:00'),
('CL000529', 'MH04', 'SV072', 4, 8, 1, 2020, '2023-01-16 05:30:44', '0000-00-00 00:00:00'),
('CL000530', 'MH09', 'SV070', 8, 3, 5, 2023, '2023-01-16 05:30:44', '0000-00-00 00:00:00'),
('CL000531', 'MH05', 'SV054', 3, 10, 9, 2023, '2023-01-16 05:30:44', '0000-00-00 00:00:00'),
('CL000532', 'MH02', 'SV097', 9, 0, 2, 2021, '2023-01-16 05:30:44', '0000-00-00 00:00:00'),
('CL000533', 'MH09', 'SV086', 9, 4, 0, 2022, '2023-01-16 05:30:44', '0000-00-00 00:00:00'),
('CL000534', 'MH02', 'SV002', 10, 4, 2, 2023, '2023-01-16 05:30:44', '0000-00-00 00:00:00'),
('CL000535', 'MH09', 'SV098', 2, 10, 9, 2022, '2023-01-16 05:30:44', '0000-00-00 00:00:00'),
('CL000536', 'MH02', 'SV081', 8, 4, 9, 2022, '2023-01-16 05:30:44', '0000-00-00 00:00:00'),
('CL000537', 'MH01', 'SV047', 2, 4, 3, 2021, '2023-01-16 05:30:44', '0000-00-00 00:00:00'),
('CL000538', 'MH05', 'SV032', 1, 4, 8, 2021, '2023-01-16 05:30:44', '0000-00-00 00:00:00'),
('CL000539', 'MH02', 'SV076', 10, 9, 7, 2023, '2023-01-16 05:30:44', '0000-00-00 00:00:00'),
('CL000540', 'MH08', 'SV012', 8, 7, 7, 2020, '2023-01-16 05:30:44', '0000-00-00 00:00:00'),
('CL000541', 'MH02', 'SV065', 4, 10, 4, 2023, '2023-01-16 05:30:44', '0000-00-00 00:00:00'),
('CL000542', 'MH09', 'SV065', 3, 4, 9, 2023, '2023-01-16 05:30:44', '0000-00-00 00:00:00'),
('CL000543', 'MH08', 'SV037', 9, 1, 4, 2023, '2023-01-16 05:30:44', '0000-00-00 00:00:00'),
('CL000544', 'MH01', 'SV084', 8, 1, 4, 2021, '2023-01-16 05:30:44', '0000-00-00 00:00:00'),
('CL000545', 'MH08', 'SV049', 4, 7, 2, 2023, '2023-01-16 05:30:44', '0000-00-00 00:00:00'),
('CL000546', 'MH06', 'SV076', 8, 5, 7, 2022, '2023-01-16 05:30:44', '0000-00-00 00:00:00'),
('CL000547', 'MH03', 'SV045', 3, 2, 0, 2021, '2023-01-16 05:30:44', '0000-00-00 00:00:00'),
('CL000548', 'MH02', 'SV038', 7, 1, 0, 2020, '2023-01-16 05:30:44', '0000-00-00 00:00:00'),
('CL000549', 'MH07', 'SV091', 9, 2, 9, 2021, '2023-01-16 05:30:44', '0000-00-00 00:00:00'),
('CL000550', 'MH06', 'SV039', 4, 4, 4, 2022, '2023-01-16 05:30:44', '0000-00-00 00:00:00'),
('CL000551', 'MH04', 'SV042', 9, 6, 6, 2021, '2023-01-16 05:30:44', '0000-00-00 00:00:00'),
('CL000552', 'MH07', 'SV068', 3, 5, 7, 2022, '2023-01-16 05:30:44', '0000-00-00 00:00:00');
INSERT INTO `mark` (`ID`, `subject_id`, `user_id`, `homework_mark`, `midtern_mark`, `final_mark`, `year`, `create_at`, `update_at`) VALUES
('CL000553', 'MH06', 'SV090', 1, 10, 8, 2021, '2023-01-16 05:30:44', '0000-00-00 00:00:00'),
('CL000554', 'MH07', 'SV003', 9, 5, 8, 2020, '2023-01-16 05:30:44', '0000-00-00 00:00:00'),
('CL000555', 'MH09', 'SV029', 2, 5, 8, 2022, '2023-01-16 05:30:44', '0000-00-00 00:00:00'),
('CL000556', 'MH06', 'SV026', 7, 2, 8, 2023, '2023-01-16 05:30:44', '0000-00-00 00:00:00'),
('CL000557', 'MH09', 'SV005', 8, 1, 3, 2020, '2023-01-16 05:30:44', '0000-00-00 00:00:00'),
('CL000558', 'MH09', 'SV015', 1, 0, 3, 2020, '2023-01-16 05:30:44', '0000-00-00 00:00:00'),
('CL000559', 'MH02', 'SV001', 3, 2, 2, 2020, '2023-01-16 05:30:44', '0000-00-00 00:00:00'),
('CL000560', 'MH05', 'SV044', 0, 6, 5, 2020, '2023-01-16 05:30:44', '0000-00-00 00:00:00'),
('CL000561', 'MH04', 'SV043', 8, 3, 9, 2023, '2023-01-16 05:30:44', '0000-00-00 00:00:00'),
('CL000562', 'MH05', 'SV041', 9, 9, 0, 2021, '2023-01-16 05:30:44', '0000-00-00 00:00:00'),
('CL000563', 'MH05', 'SV063', 2, 2, 3, 2021, '2023-01-16 05:30:44', '0000-00-00 00:00:00'),
('CL000564', 'MH07', 'SV086', 0, 4, 2, 2020, '2023-01-16 05:30:44', '0000-00-00 00:00:00'),
('CL000565', 'MH08', 'SV003', 1, 6, 5, 2020, '2023-01-16 05:30:44', '0000-00-00 00:00:00'),
('CL000566', 'MH01', 'SV078', 1, 10, 2, 2022, '2023-01-16 05:30:44', '0000-00-00 00:00:00'),
('CL000567', 'MH03', 'SV080', 8, 4, 2, 2022, '2023-01-16 05:30:44', '0000-00-00 00:00:00'),
('CL000568', 'MH07', 'SV050', 7, 4, 3, 2022, '2023-01-16 05:30:44', '0000-00-00 00:00:00'),
('CL000569', 'MH09', 'SV083', 4, 8, 10, 2021, '2023-01-16 05:30:44', '0000-00-00 00:00:00'),
('CL000570', 'MH05', 'SV024', 2, 8, 1, 2020, '2023-01-16 05:30:44', '0000-00-00 00:00:00'),
('CL000571', 'MH09', 'SV048', 8, 8, 0, 2021, '2023-01-16 05:30:44', '0000-00-00 00:00:00'),
('CL000572', 'MH09', 'SV078', 6, 3, 7, 2021, '2023-01-16 05:30:44', '0000-00-00 00:00:00'),
('CL000573', 'MH07', 'SV046', 6, 1, 9, 2021, '2023-01-16 05:30:44', '0000-00-00 00:00:00'),
('CL000574', 'MH07', 'SV016', 0, 3, 0, 2020, '2023-01-16 05:30:44', '0000-00-00 00:00:00'),
('CL000575', 'MH09', 'SV051', 7, 7, 7, 2023, '2023-01-16 05:30:44', '0000-00-00 00:00:00'),
('CL000576', 'MH08', 'SV092', 10, 3, 3, 2022, '2023-01-16 05:30:44', '0000-00-00 00:00:00'),
('CL000577', 'MH06', 'SV078', 7, 0, 10, 2020, '2023-01-16 05:30:44', '0000-00-00 00:00:00'),
('CL000578', 'MH02', 'SV026', 10, 2, 4, 2020, '2023-01-16 05:30:44', '0000-00-00 00:00:00'),
('CL000579', 'MH04', 'SV042', 1, 5, 4, 2020, '2023-01-16 05:30:44', '0000-00-00 00:00:00'),
('CL000580', 'MH05', 'SV030', 10, 0, 0, 2023, '2023-01-16 05:30:44', '0000-00-00 00:00:00'),
('CL000581', 'MH05', 'SV047', 7, 4, 5, 2022, '2023-01-16 05:30:44', '0000-00-00 00:00:00'),
('CL000582', 'MH08', 'SV049', 3, 4, 9, 2021, '2023-01-16 05:30:44', '0000-00-00 00:00:00'),
('CL000583', 'MH01', 'SV054', 5, 4, 5, 2023, '2023-01-16 05:30:44', '0000-00-00 00:00:00'),
('CL000584', 'MH03', 'SV058', 0, 10, 0, 2021, '2023-01-16 05:30:44', '0000-00-00 00:00:00'),
('CL000585', 'MH09', 'SV012', 1, 2, 7, 2022, '2023-01-16 05:30:44', '0000-00-00 00:00:00'),
('CL000586', 'MH06', 'SV082', 6, 7, 8, 2023, '2023-01-16 05:30:44', '0000-00-00 00:00:00'),
('CL000587', 'MH08', 'SV015', 10, 6, 0, 2020, '2023-01-16 05:30:44', '0000-00-00 00:00:00'),
('CL000588', 'MH01', 'SV056', 6, 10, 3, 2020, '2023-01-16 05:30:44', '0000-00-00 00:00:00'),
('CL000589', 'MH05', 'SV026', 2, 6, 6, 2023, '2023-01-16 05:30:44', '0000-00-00 00:00:00'),
('CL000590', 'MH05', 'SV066', 3, 4, 4, 2020, '2023-01-16 05:30:44', '0000-00-00 00:00:00'),
('CL000591', 'MH01', 'SV025', 9, 2, 8, 2022, '2023-01-16 05:30:44', '0000-00-00 00:00:00'),
('CL000592', 'MH04', 'SV015', 5, 1, 2, 2023, '2023-01-16 05:30:44', '0000-00-00 00:00:00'),
('CL000593', 'MH02', 'SV052', 4, 6, 0, 2021, '2023-01-16 05:30:44', '0000-00-00 00:00:00'),
('CL000594', 'MH06', 'SV072', 3, 10, 9, 2020, '2023-01-16 05:30:44', '0000-00-00 00:00:00'),
('CL000595', 'MH09', 'SV089', 6, 5, 8, 2023, '2023-01-16 05:30:44', '0000-00-00 00:00:00'),
('CL000596', 'MH09', 'SV023', 8, 2, 4, 2022, '2023-01-16 05:30:44', '0000-00-00 00:00:00'),
('CL000597', 'MH08', 'SV094', 1, 5, 3, 2022, '2023-01-16 05:30:44', '0000-00-00 00:00:00'),
('CL000598', 'MH01', 'SV018', 6, 10, 10, 2022, '2023-01-16 05:30:44', '0000-00-00 00:00:00'),
('CL000599', 'MH08', 'SV097', 7, 9, 7, 2020, '2023-01-16 05:30:44', '0000-00-00 00:00:00'),
('CL000600', 'MH06', 'SV076', 9, 8, 0, 2023, '2023-01-16 05:30:44', '0000-00-00 00:00:00'),
('CL000601', 'MH06', 'SV049', 5, 0, 6, 2023, '2023-01-16 05:30:44', '0000-00-00 00:00:00'),
('CL000602', 'MH06', 'SV070', 4, 7, 2, 2021, '2023-01-16 05:30:44', '0000-00-00 00:00:00'),
('CL000603', 'MH05', 'SV087', 10, 10, 7, 2022, '2023-01-16 05:30:44', '0000-00-00 00:00:00'),
('CL000604', 'MH08', 'SV022', 8, 6, 1, 2021, '2023-01-16 05:30:44', '0000-00-00 00:00:00'),
('CL000605', 'MH06', 'SV025', 3, 8, 1, 2022, '2023-01-16 05:30:44', '0000-00-00 00:00:00'),
('CL000606', 'MH04', 'SV035', 9, 2, 1, 2023, '2023-01-16 05:30:44', '0000-00-00 00:00:00'),
('CL000607', 'MH02', 'SV090', 1, 4, 5, 2021, '2023-01-16 05:30:44', '0000-00-00 00:00:00'),
('CL000608', 'MH02', 'SV038', 7, 7, 9, 2023, '2023-01-16 05:30:44', '0000-00-00 00:00:00'),
('CL000609', 'MH01', 'SV055', 8, 8, 5, 2021, '2023-01-16 05:30:44', '0000-00-00 00:00:00'),
('CL000610', 'MH09', 'SV083', 6, 2, 1, 2021, '2023-01-16 05:30:44', '0000-00-00 00:00:00'),
('CL000611', 'MH04', 'SV058', 0, 3, 2, 2020, '2023-01-16 05:30:44', '0000-00-00 00:00:00'),
('CL000612', 'MH09', 'SV098', 1, 4, 6, 2023, '2023-01-16 05:30:44', '0000-00-00 00:00:00'),
('CL000613', 'MH03', 'SV021', 6, 8, 8, 2022, '2023-01-16 05:30:44', '0000-00-00 00:00:00'),
('CL000614', 'MH07', 'SV090', 0, 8, 0, 2021, '2023-01-16 05:30:44', '0000-00-00 00:00:00'),
('CL000615', 'MH03', 'SV033', 7, 5, 0, 2023, '2023-01-16 05:30:44', '0000-00-00 00:00:00'),
('CL000616', 'MH08', 'SV075', 1, 9, 5, 2022, '2023-01-16 05:30:44', '0000-00-00 00:00:00'),
('CL000617', 'MH03', 'SV011', 3, 7, 7, 2020, '2023-01-16 05:30:44', '0000-00-00 00:00:00'),
('CL000618', 'MH06', 'SV096', 5, 1, 3, 2023, '2023-01-16 05:30:44', '0000-00-00 00:00:00'),
('CL000619', 'MH03', 'SV086', 9, 10, 2, 2021, '2023-01-16 05:30:44', '0000-00-00 00:00:00'),
('CL000620', 'MH03', 'SV084', 10, 8, 4, 2022, '2023-01-16 05:30:44', '0000-00-00 00:00:00'),
('CL000621', 'MH09', 'SV025', 7, 2, 4, 2022, '2023-01-16 05:30:44', '0000-00-00 00:00:00'),
('CL000622', 'MH08', 'SV082', 5, 3, 8, 2022, '2023-01-16 05:30:44', '0000-00-00 00:00:00'),
('CL000623', 'MH05', 'SV046', 8, 5, 3, 2020, '2023-01-16 05:30:44', '0000-00-00 00:00:00'),
('CL000624', 'MH05', 'SV082', 10, 8, 4, 2020, '2023-01-16 05:30:44', '0000-00-00 00:00:00'),
('CL000625', 'MH02', 'SV053', 2, 10, 3, 2021, '2023-01-16 05:30:44', '0000-00-00 00:00:00'),
('CL000626', 'MH04', 'SV033', 10, 7, 8, 2023, '2023-01-16 05:30:44', '0000-00-00 00:00:00'),
('CL000627', 'MH04', 'SV043', 3, 8, 7, 2022, '2023-01-16 05:30:44', '0000-00-00 00:00:00'),
('CL000628', 'MH09', 'SV087', 2, 8, 10, 2023, '2023-01-16 05:30:44', '0000-00-00 00:00:00'),
('CL000629', 'MH01', 'SV035', 9, 8, 0, 2020, '2023-01-16 05:30:44', '0000-00-00 00:00:00'),
('CL000630', 'MH08', 'SV067', 5, 8, 3, 2020, '2023-01-16 05:30:44', '0000-00-00 00:00:00'),
('CL000631', 'MH06', 'SV092', 8, 9, 9, 2020, '2023-01-16 05:30:44', '0000-00-00 00:00:00'),
('CL000632', 'MH07', 'SV076', 6, 1, 3, 2021, '2023-01-16 05:30:44', '0000-00-00 00:00:00'),
('CL000633', 'MH03', 'SV086', 5, 10, 0, 2020, '2023-01-16 05:30:44', '0000-00-00 00:00:00'),
('CL000634', 'MH05', 'SV007', 10, 3, 6, 2022, '2023-01-16 05:30:44', '0000-00-00 00:00:00'),
('CL000635', 'MH04', 'SV079', 3, 9, 10, 2022, '2023-01-16 05:30:44', '0000-00-00 00:00:00'),
('CL000636', 'MH03', 'SV069', 8, 0, 1, 2022, '2023-01-16 05:30:44', '0000-00-00 00:00:00'),
('CL000637', 'MH08', 'SV053', 1, 1, 7, 2022, '2023-01-16 05:30:44', '0000-00-00 00:00:00'),
('CL000638', 'MH08', 'SV044', 8, 2, 3, 2021, '2023-01-16 05:30:44', '0000-00-00 00:00:00'),
('CL000639', 'MH05', 'SV066', 9, 4, 5, 2022, '2023-01-16 05:30:44', '0000-00-00 00:00:00'),
('CL000640', 'MH06', 'SV004', 6, 0, 5, 2021, '2023-01-16 05:30:44', '0000-00-00 00:00:00'),
('CL000641', 'MH06', 'SV080', 3, 1, 3, 2021, '2023-01-16 05:30:44', '0000-00-00 00:00:00'),
('CL000642', 'MH09', 'SV006', 9, 8, 9, 2021, '2023-01-16 05:30:44', '0000-00-00 00:00:00'),
('CL000643', 'MH01', 'SV009', 4, 7, 10, 2020, '2023-01-16 05:30:44', '0000-00-00 00:00:00'),
('CL000644', 'MH03', 'SV036', 1, 4, 3, 2022, '2023-01-16 05:30:44', '0000-00-00 00:00:00'),
('CL000645', 'MH05', 'SV100', 4, 5, 2, 2022, '2023-01-16 05:30:44', '0000-00-00 00:00:00'),
('CL000646', 'MH06', 'SV068', 0, 6, 3, 2021, '2023-01-16 05:30:44', '0000-00-00 00:00:00'),
('CL000647', 'MH07', 'SV010', 1, 10, 8, 2020, '2023-01-16 05:30:44', '0000-00-00 00:00:00'),
('CL000648', 'MH07', 'SV083', 3, 1, 7, 2023, '2023-01-16 05:30:44', '0000-00-00 00:00:00'),
('CL000649', 'MH05', 'SV020', 8, 9, 3, 2020, '2023-01-16 05:30:44', '0000-00-00 00:00:00'),
('CL000650', 'MH01', 'SV048', 10, 9, 1, 2022, '2023-01-16 05:30:44', '0000-00-00 00:00:00'),
('CL000651', 'MH09', 'SV066', 1, 0, 7, 2022, '2023-01-16 05:30:44', '0000-00-00 00:00:00'),
('CL000652', 'MH06', 'SV028', 10, 6, 7, 2023, '2023-01-16 05:30:44', '0000-00-00 00:00:00'),
('CL000653', 'MH05', 'SV068', 9, 1, 0, 2022, '2023-01-16 05:30:44', '0000-00-00 00:00:00'),
('CL000654', 'MH07', 'SV095', 2, 10, 2, 2023, '2023-01-16 05:30:44', '0000-00-00 00:00:00'),
('CL000655', 'MH01', 'SV080', 6, 6, 2, 2021, '2023-01-16 05:30:44', '0000-00-00 00:00:00'),
('CL000656', 'MH02', 'SV024', 5, 0, 1, 2021, '2023-01-16 05:30:44', '0000-00-00 00:00:00'),
('CL000657', 'MH07', 'SV091', 10, 4, 2, 2020, '2023-01-16 05:30:44', '0000-00-00 00:00:00'),
('CL000658', 'MH07', 'SV098', 8, 8, 4, 2023, '2023-01-16 05:30:44', '0000-00-00 00:00:00'),
('CL000659', 'MH06', 'SV045', 8, 6, 2, 2023, '2023-01-16 05:30:44', '0000-00-00 00:00:00'),
('CL000660', 'MH01', 'SV087', 0, 10, 9, 2021, '2023-01-16 05:30:44', '0000-00-00 00:00:00'),
('CL000661', 'MH07', 'SV044', 7, 1, 4, 2022, '2023-01-16 05:30:44', '0000-00-00 00:00:00'),
('CL000662', 'MH02', 'SV100', 4, 5, 7, 2021, '2023-01-16 05:30:44', '0000-00-00 00:00:00'),
('CL000663', 'MH05', 'SV018', 4, 3, 10, 2021, '2023-01-16 05:30:44', '0000-00-00 00:00:00'),
('CL000664', 'MH01', 'SV029', 2, 3, 9, 2021, '2023-01-16 05:30:44', '0000-00-00 00:00:00'),
('CL000665', 'MH08', 'SV062', 8, 2, 8, 2020, '2023-01-16 05:30:44', '0000-00-00 00:00:00'),
('CL000666', 'MH03', 'SV022', 3, 9, 10, 2022, '2023-01-16 05:30:44', '0000-00-00 00:00:00'),
('CL000667', 'MH09', 'SV038', 4, 8, 7, 2020, '2023-01-16 05:30:44', '0000-00-00 00:00:00'),
('CL000668', 'MH07', 'SV045', 0, 7, 5, 2021, '2023-01-16 05:30:44', '0000-00-00 00:00:00'),
('CL000669', 'MH02', 'SV011', 8, 3, 7, 2021, '2023-01-16 05:30:44', '0000-00-00 00:00:00'),
('CL000670', 'MH01', 'SV060', 0, 2, 1, 2023, '2023-01-16 05:30:44', '0000-00-00 00:00:00'),
('CL000671', 'MH02', 'SV003', 2, 4, 10, 2023, '2023-01-16 05:30:44', '0000-00-00 00:00:00'),
('CL000672', 'MH07', 'SV056', 9, 4, 5, 2021, '2023-01-16 05:30:44', '0000-00-00 00:00:00'),
('CL000673', 'MH06', 'SV083', 7, 2, 0, 2021, '2023-01-16 05:30:44', '0000-00-00 00:00:00'),
('CL000674', 'MH09', 'SV020', 2, 8, 8, 2023, '2023-01-16 05:30:44', '0000-00-00 00:00:00'),
('CL000675', 'MH08', 'SV005', 9, 4, 8, 2021, '2023-01-16 05:30:44', '0000-00-00 00:00:00'),
('CL000676', 'MH04', 'SV090', 6, 7, 0, 2021, '2023-01-16 05:30:44', '0000-00-00 00:00:00'),
('CL000677', 'MH01', 'SV096', 7, 8, 7, 2021, '2023-01-16 05:30:44', '0000-00-00 00:00:00'),
('CL000678', 'MH02', 'SV011', 1, 5, 7, 2020, '2023-01-16 05:30:44', '0000-00-00 00:00:00'),
('CL000679', 'MH07', 'SV087', 3, 6, 3, 2022, '2023-01-16 05:30:44', '0000-00-00 00:00:00'),
('CL000680', 'MH05', 'SV066', 6, 6, 2, 2020, '2023-01-16 05:30:44', '0000-00-00 00:00:00'),
('CL000681', 'MH01', 'SV041', 5, 2, 9, 2022, '2023-01-16 05:30:44', '0000-00-00 00:00:00'),
('CL000682', 'MH08', 'SV023', 9, 6, 4, 2022, '2023-01-16 05:30:44', '0000-00-00 00:00:00'),
('CL000683', 'MH07', 'SV016', 2, 6, 2, 2022, '2023-01-16 05:30:44', '0000-00-00 00:00:00'),
('CL000684', 'MH01', 'SV010', 6, 7, 8, 2021, '2023-01-16 05:30:44', '0000-00-00 00:00:00'),
('CL000685', 'MH01', 'SV031', 8, 5, 4, 2020, '2023-01-16 05:30:44', '0000-00-00 00:00:00'),
('CL000686', 'MH09', 'SV099', 2, 3, 8, 2020, '2023-01-16 05:30:44', '0000-00-00 00:00:00'),
('CL000687', 'MH01', 'SV012', 7, 8, 7, 2020, '2023-01-16 05:30:44', '0000-00-00 00:00:00'),
('CL000688', 'MH02', 'SV002', 7, 4, 10, 2022, '2023-01-16 05:30:44', '0000-00-00 00:00:00'),
('CL000689', 'MH08', 'SV010', 8, 2, 6, 2020, '2023-01-16 05:30:44', '0000-00-00 00:00:00'),
('CL000690', 'MH02', 'SV071', 9, 8, 2, 2023, '2023-01-16 05:30:44', '0000-00-00 00:00:00'),
('CL000691', 'MH05', 'SV079', 10, 8, 3, 2021, '2023-01-16 05:30:44', '0000-00-00 00:00:00'),
('CL000692', 'MH05', 'SV096', 1, 5, 8, 2023, '2023-01-16 05:30:44', '0000-00-00 00:00:00'),
('CL000693', 'MH08', 'SV007', 9, 2, 5, 2021, '2023-01-16 05:30:44', '0000-00-00 00:00:00'),
('CL000694', 'MH06', 'SV024', 7, 1, 4, 2023, '2023-01-16 05:30:44', '0000-00-00 00:00:00'),
('CL000695', 'MH01', 'SV005', 9, 0, 1, 2023, '2023-01-16 05:30:44', '0000-00-00 00:00:00'),
('CL000696', 'MH07', 'SV035', 1, 7, 5, 2022, '2023-01-16 05:30:44', '0000-00-00 00:00:00'),
('CL000697', 'MH09', 'SV016', 6, 8, 8, 2020, '2023-01-16 05:30:44', '0000-00-00 00:00:00'),
('CL000698', 'MH03', 'SV015', 5, 3, 1, 2020, '2023-01-16 05:30:44', '0000-00-00 00:00:00'),
('CL000699', 'MH05', 'SV021', 4, 9, 7, 2020, '2023-01-16 05:30:44', '0000-00-00 00:00:00'),
('CL000700', 'MH07', 'SV055', 9, 6, 8, 2023, '2023-01-16 05:30:44', '0000-00-00 00:00:00'),
('CL000701', 'MH04', 'SV049', 4, 3, 4, 2020, '2023-01-16 05:30:44', '0000-00-00 00:00:00'),
('CL000702', 'MH01', 'SV001', 8, 6, 4, 2021, '2023-01-16 05:30:44', '0000-00-00 00:00:00'),
('CL000703', 'MH09', 'SV024', 8, 1, 0, 2022, '2023-01-16 05:30:44', '0000-00-00 00:00:00'),
('CL000704', 'MH08', 'SV080', 6, 1, 2, 2020, '2023-01-16 05:30:44', '0000-00-00 00:00:00'),
('CL000705', 'MH02', 'SV085', 6, 10, 8, 2022, '2023-01-16 05:30:44', '0000-00-00 00:00:00'),
('CL000706', 'MH01', 'SV026', 2, 8, 1, 2020, '2023-01-16 05:30:44', '0000-00-00 00:00:00'),
('CL000707', 'MH09', 'SV041', 5, 3, 5, 2021, '2023-01-16 05:30:44', '0000-00-00 00:00:00'),
('CL000708', 'MH09', 'SV018', 3, 3, 6, 2022, '2023-01-16 05:30:44', '0000-00-00 00:00:00'),
('CL000709', 'MH02', 'SV099', 1, 1, 2, 2021, '2023-01-16 05:30:44', '0000-00-00 00:00:00'),
('CL000710', 'MH03', 'SV084', 4, 5, 5, 2021, '2023-01-16 05:30:44', '0000-00-00 00:00:00'),
('CL000711', 'MH08', 'SV040', 10, 3, 0, 2023, '2023-01-16 05:30:44', '0000-00-00 00:00:00'),
('CL000712', 'MH03', 'SV076', 3, 6, 0, 2023, '2023-01-16 05:30:44', '0000-00-00 00:00:00'),
('CL000713', 'MH07', 'SV025', 10, 7, 5, 2022, '2023-01-16 05:30:44', '0000-00-00 00:00:00'),
('CL000714', 'MH03', 'SV075', 3, 5, 4, 2022, '2023-01-16 05:30:44', '0000-00-00 00:00:00'),
('CL000715', 'MH01', 'SV049', 5, 10, 1, 2020, '2023-01-16 05:30:44', '0000-00-00 00:00:00'),
('CL000716', 'MH03', 'SV046', 1, 2, 1, 2020, '2023-01-16 05:30:44', '0000-00-00 00:00:00'),
('CL000717', 'MH09', 'SV082', 7, 7, 0, 2021, '2023-01-16 05:30:44', '0000-00-00 00:00:00'),
('CL000718', 'MH08', 'SV064', 4, 9, 2, 2020, '2023-01-16 05:30:44', '0000-00-00 00:00:00'),
('CL000719', 'MH04', 'SV019', 4, 8, 6, 2020, '2023-01-16 05:30:44', '0000-00-00 00:00:00'),
('CL000720', 'MH07', 'SV025', 3, 7, 6, 2023, '2023-01-16 05:30:44', '0000-00-00 00:00:00'),
('CL000721', 'MH03', 'SV035', 9, 3, 3, 2022, '2023-01-16 05:30:44', '0000-00-00 00:00:00'),
('CL000722', 'MH07', 'SV085', 4, 10, 3, 2022, '2023-01-16 05:30:44', '0000-00-00 00:00:00'),
('CL000723', 'MH02', 'SV006', 5, 0, 1, 2020, '2023-01-16 05:30:44', '0000-00-00 00:00:00'),
('CL000724', 'MH07', 'SV022', 9, 9, 3, 2023, '2023-01-16 05:30:44', '0000-00-00 00:00:00'),
('CL000725', 'MH09', 'SV049', 1, 2, 10, 2022, '2023-01-16 05:30:44', '0000-00-00 00:00:00'),
('CL000726', 'MH01', 'SV002', 7, 6, 10, 2020, '2023-01-16 05:30:44', '0000-00-00 00:00:00'),
('CL000727', 'MH02', 'SV096', 5, 6, 6, 2023, '2023-01-16 05:30:44', '0000-00-00 00:00:00'),
('CL000728', 'MH05', 'SV049', 9, 1, 1, 2020, '2023-01-16 05:30:44', '0000-00-00 00:00:00'),
('CL000729', 'MH09', 'SV080', 8, 1, 4, 2023, '2023-01-16 05:30:44', '0000-00-00 00:00:00'),
('CL000730', 'MH03', 'SV017', 5, 0, 9, 2022, '2023-01-16 05:30:44', '0000-00-00 00:00:00'),
('CL000731', 'MH03', 'SV019', 5, 3, 6, 2020, '2023-01-16 05:30:44', '0000-00-00 00:00:00'),
('CL000732', 'MH01', 'SV034', 9, 1, 3, 2020, '2023-01-16 05:30:44', '0000-00-00 00:00:00'),
('CL000733', 'MH03', 'SV032', 6, 0, 6, 2023, '2023-01-16 05:30:44', '0000-00-00 00:00:00'),
('CL000734', 'MH05', 'SV057', 4, 2, 6, 2023, '2023-01-16 05:30:44', '0000-00-00 00:00:00'),
('CL000735', 'MH03', 'SV008', 8, 1, 9, 2022, '2023-01-16 05:30:44', '0000-00-00 00:00:00'),
('CL000736', 'MH03', 'SV036', 0, 4, 10, 2023, '2023-01-16 05:30:44', '0000-00-00 00:00:00'),
('CL000737', 'MH04', 'SV075', 4, 1, 7, 2023, '2023-01-16 05:30:44', '0000-00-00 00:00:00'),
('CL000738', 'MH07', 'SV008', 1, 8, 7, 2021, '2023-01-16 05:30:44', '0000-00-00 00:00:00'),
('CL000739', 'MH07', 'SV004', 5, 9, 5, 2021, '2023-01-16 05:30:44', '0000-00-00 00:00:00'),
('CL000740', 'MH04', 'SV074', 9, 8, 0, 2023, '2023-01-16 05:30:44', '0000-00-00 00:00:00'),
('CL000741', 'MH02', 'SV099', 6, 5, 2, 2021, '2023-01-16 05:30:44', '0000-00-00 00:00:00'),
('CL000742', 'MH07', 'SV057', 3, 10, 0, 2020, '2023-01-16 05:30:44', '0000-00-00 00:00:00'),
('CL000743', 'MH06', 'SV078', 10, 8, 3, 2020, '2023-01-16 05:30:44', '0000-00-00 00:00:00'),
('CL000744', 'MH05', 'SV077', 6, 10, 10, 2020, '2023-01-16 05:30:44', '0000-00-00 00:00:00'),
('CL000745', 'MH07', 'SV027', 0, 6, 9, 2022, '2023-01-16 05:30:44', '0000-00-00 00:00:00'),
('CL000746', 'MH09', 'SV022', 6, 1, 5, 2020, '2023-01-16 05:30:44', '0000-00-00 00:00:00'),
('CL000747', 'MH07', 'SV005', 3, 3, 1, 2022, '2023-01-16 05:30:44', '0000-00-00 00:00:00'),
('CL000748', 'MH09', 'SV058', 10, 4, 2, 2020, '2023-01-16 05:30:44', '0000-00-00 00:00:00'),
('CL000749', 'MH08', 'SV088', 9, 0, 0, 2022, '2023-01-16 05:30:44', '0000-00-00 00:00:00'),
('CL000750', 'MH03', 'SV073', 1, 5, 6, 2022, '2023-01-16 05:30:44', '0000-00-00 00:00:00'),
('CL000751', 'MH03', 'SV078', 10, 2, 4, 2022, '2023-01-16 05:30:44', '0000-00-00 00:00:00'),
('CL000752', 'MH04', 'SV070', 6, 4, 9, 2020, '2023-01-16 05:30:44', '0000-00-00 00:00:00'),
('CL000753', 'MH01', 'SV012', 3, 3, 5, 2021, '2023-01-16 05:30:44', '0000-00-00 00:00:00'),
('CL000754', 'MH03', 'SV014', 5, 3, 8, 2022, '2023-01-16 05:30:44', '0000-00-00 00:00:00'),
('CL000755', 'MH06', 'SV032', 3, 9, 9, 2023, '2023-01-16 05:30:44', '0000-00-00 00:00:00'),
('CL000756', 'MH09', 'SV025', 6, 7, 6, 2021, '2023-01-16 05:30:44', '0000-00-00 00:00:00'),
('CL000757', 'MH05', 'SV100', 1, 6, 0, 2021, '2023-01-16 05:30:44', '0000-00-00 00:00:00'),
('CL000758', 'MH05', 'SV032', 6, 10, 6, 2022, '2023-01-16 05:30:44', '0000-00-00 00:00:00'),
('CL000759', 'MH02', 'SV058', 10, 7, 0, 2020, '2023-01-16 05:30:44', '0000-00-00 00:00:00'),
('CL000760', 'MH08', 'SV009', 6, 1, 8, 2020, '2023-01-16 05:30:44', '0000-00-00 00:00:00'),
('CL000761', 'MH04', 'SV036', 0, 2, 0, 2022, '2023-01-16 05:30:44', '0000-00-00 00:00:00'),
('CL000762', 'MH08', 'SV022', 0, 5, 2, 2021, '2023-01-16 05:30:44', '0000-00-00 00:00:00'),
('CL000763', 'MH06', 'SV035', 2, 1, 10, 2022, '2023-01-16 05:30:44', '0000-00-00 00:00:00'),
('CL000764', 'MH08', 'SV067', 6, 7, 3, 2020, '2023-01-16 05:30:44', '0000-00-00 00:00:00'),
('CL000765', 'MH03', 'SV091', 9, 6, 1, 2023, '2023-01-16 05:30:44', '0000-00-00 00:00:00'),
('CL000766', 'MH06', 'SV086', 5, 6, 5, 2022, '2023-01-16 05:30:44', '0000-00-00 00:00:00'),
('CL000767', 'MH06', 'SV084', 0, 10, 7, 2021, '2023-01-16 05:30:44', '0000-00-00 00:00:00'),
('CL000768', 'MH03', 'SV037', 7, 2, 4, 2022, '2023-01-16 05:30:44', '0000-00-00 00:00:00'),
('CL000769', 'MH06', 'SV053', 2, 8, 3, 2020, '2023-01-16 05:30:44', '0000-00-00 00:00:00'),
('CL000770', 'MH04', 'SV057', 3, 10, 8, 2020, '2023-01-16 05:30:44', '0000-00-00 00:00:00'),
('CL000771', 'MH07', 'SV028', 2, 3, 7, 2021, '2023-01-16 05:30:44', '0000-00-00 00:00:00'),
('CL000772', 'MH05', 'SV057', 10, 1, 6, 2023, '2023-01-16 05:30:44', '0000-00-00 00:00:00'),
('CL000773', 'MH07', 'SV060', 9, 9, 10, 2021, '2023-01-16 05:30:44', '0000-00-00 00:00:00'),
('CL000774', 'MH03', 'SV042', 1, 0, 4, 2022, '2023-01-16 05:30:44', '0000-00-00 00:00:00'),
('CL000775', 'MH03', 'SV089', 5, 5, 1, 2020, '2023-01-16 05:30:44', '0000-00-00 00:00:00'),
('CL000776', 'MH06', 'SV017', 1, 6, 5, 2022, '2023-01-16 05:30:44', '0000-00-00 00:00:00'),
('CL000777', 'MH01', 'SV082', 4, 2, 3, 2021, '2023-01-16 05:30:44', '0000-00-00 00:00:00'),
('CL000778', 'MH05', 'SV088', 8, 10, 5, 2021, '2023-01-16 05:30:44', '0000-00-00 00:00:00'),
('CL000779', 'MH07', 'SV040', 6, 10, 5, 2023, '2023-01-16 05:30:44', '0000-00-00 00:00:00'),
('CL000780', 'MH08', 'SV092', 2, 3, 5, 2020, '2023-01-16 05:30:44', '0000-00-00 00:00:00'),
('CL000781', 'MH09', 'SV027', 3, 6, 7, 2021, '2023-01-16 05:30:44', '0000-00-00 00:00:00'),
('CL000782', 'MH09', 'SV027', 0, 1, 0, 2020, '2023-01-16 05:30:44', '0000-00-00 00:00:00'),
('CL000783', 'MH09', 'SV040', 5, 3, 4, 2023, '2023-01-16 05:30:44', '0000-00-00 00:00:00'),
('CL000784', 'MH03', 'SV098', 0, 2, 3, 2023, '2023-01-16 05:30:44', '0000-00-00 00:00:00'),
('CL000785', 'MH05', 'SV038', 0, 10, 3, 2020, '2023-01-16 05:30:44', '0000-00-00 00:00:00'),
('CL000786', 'MH09', 'SV036', 9, 2, 6, 2022, '2023-01-16 05:30:44', '0000-00-00 00:00:00'),
('CL000787', 'MH03', 'SV071', 4, 6, 10, 2023, '2023-01-16 05:30:44', '0000-00-00 00:00:00'),
('CL000788', 'MH06', 'SV095', 4, 5, 4, 2021, '2023-01-16 05:30:44', '0000-00-00 00:00:00'),
('CL000789', 'MH09', 'SV047', 9, 1, 5, 2020, '2023-01-16 05:30:44', '0000-00-00 00:00:00'),
('CL000790', 'MH05', 'SV064', 10, 1, 2, 2023, '2023-01-16 05:30:44', '0000-00-00 00:00:00'),
('CL000791', 'MH02', 'SV005', 6, 4, 10, 2021, '2023-01-16 05:30:44', '0000-00-00 00:00:00'),
('CL000792', 'MH08', 'SV010', 8, 8, 9, 2020, '2023-01-16 05:30:44', '0000-00-00 00:00:00'),
('CL000793', 'MH05', 'SV085', 2, 8, 10, 2022, '2023-01-16 05:30:44', '0000-00-00 00:00:00'),
('CL000794', 'MH03', 'SV053', 9, 4, 8, 2023, '2023-01-16 05:30:44', '0000-00-00 00:00:00'),
('CL000795', 'MH08', 'SV039', 3, 6, 9, 2021, '2023-01-16 05:30:44', '0000-00-00 00:00:00'),
('CL000796', 'MH04', 'SV067', 2, 6, 3, 2021, '2023-01-16 05:30:44', '0000-00-00 00:00:00'),
('CL000797', 'MH01', 'SV088', 8, 3, 4, 2023, '2023-01-16 05:30:44', '0000-00-00 00:00:00'),
('CL000798', 'MH08', 'SV088', 7, 5, 0, 2022, '2023-01-16 05:30:44', '0000-00-00 00:00:00'),
('CL000799', 'MH07', 'SV003', 5, 8, 4, 2020, '2023-01-16 05:30:44', '0000-00-00 00:00:00'),
('CL000800', 'MH07', 'SV049', 8, 0, 2, 2021, '2023-01-16 05:30:44', '0000-00-00 00:00:00'),
('CL000801', 'MH01', 'SV003', 3, 1, 10, 2022, '2023-01-16 05:30:44', '0000-00-00 00:00:00'),
('CL000802', 'MH06', 'SV029', 3, 9, 3, 2023, '2023-01-16 05:30:44', '0000-00-00 00:00:00'),
('CL000803', 'MH02', 'SV057', 1, 3, 4, 2021, '2023-01-16 05:30:44', '0000-00-00 00:00:00'),
('CL000804', 'MH04', 'SV007', 4, 6, 10, 2022, '2023-01-16 05:30:44', '0000-00-00 00:00:00'),
('CL000805', 'MH09', 'SV088', 3, 4, 1, 2020, '2023-01-16 05:30:44', '0000-00-00 00:00:00'),
('CL000806', 'MH06', 'SV062', 3, 5, 6, 2023, '2023-01-16 05:30:44', '0000-00-00 00:00:00'),
('CL000807', 'MH08', 'SV088', 9, 4, 9, 2023, '2023-01-16 05:30:44', '0000-00-00 00:00:00'),
('CL000808', 'MH02', 'SV010', 1, 1, 7, 2021, '2023-01-16 05:30:44', '0000-00-00 00:00:00'),
('CL000809', 'MH07', 'SV097', 6, 1, 3, 2020, '2023-01-16 05:30:44', '0000-00-00 00:00:00'),
('CL000810', 'MH02', 'SV006', 8, 9, 1, 2023, '2023-01-16 05:30:44', '0000-00-00 00:00:00'),
('CL000811', 'MH07', 'SV061', 9, 4, 8, 2020, '2023-01-16 05:30:44', '0000-00-00 00:00:00'),
('CL000812', 'MH04', 'SV003', 2, 8, 0, 2023, '2023-01-16 05:30:44', '0000-00-00 00:00:00'),
('CL000813', 'MH08', 'SV097', 2, 2, 7, 2023, '2023-01-16 05:30:44', '0000-00-00 00:00:00'),
('CL000814', 'MH06', 'SV054', 0, 10, 0, 2020, '2023-01-16 05:30:44', '0000-00-00 00:00:00'),
('CL000815', 'MH01', 'SV028', 7, 8, 5, 2021, '2023-01-16 05:30:44', '0000-00-00 00:00:00'),
('CL000816', 'MH04', 'SV031', 7, 9, 3, 2023, '2023-01-16 05:30:44', '0000-00-00 00:00:00'),
('CL000817', 'MH05', 'SV009', 9, 0, 7, 2023, '2023-01-16 05:30:44', '0000-00-00 00:00:00'),
('CL000818', 'MH05', 'SV060', 10, 5, 3, 2020, '2023-01-16 05:30:44', '0000-00-00 00:00:00'),
('CL000819', 'MH04', 'SV074', 7, 4, 10, 2022, '2023-01-16 05:30:44', '0000-00-00 00:00:00'),
('CL000820', 'MH02', 'SV089', 8, 10, 1, 2022, '2023-01-16 05:30:44', '0000-00-00 00:00:00'),
('CL000821', 'MH06', 'SV007', 8, 4, 1, 2023, '2023-01-16 05:30:44', '0000-00-00 00:00:00'),
('CL000822', 'MH03', 'SV053', 10, 0, 7, 2020, '2023-01-16 05:30:44', '0000-00-00 00:00:00'),
('CL000823', 'MH07', 'SV077', 5, 6, 1, 2022, '2023-01-16 05:30:44', '0000-00-00 00:00:00'),
('CL000824', 'MH02', 'SV012', 4, 7, 0, 2023, '2023-01-16 05:30:44', '0000-00-00 00:00:00'),
('CL000825', 'MH02', 'SV068', 9, 2, 8, 2023, '2023-01-16 05:30:44', '0000-00-00 00:00:00'),
('CL000826', 'MH08', 'SV024', 2, 5, 5, 2023, '2023-01-16 05:30:44', '0000-00-00 00:00:00'),
('CL000827', 'MH06', 'SV058', 8, 0, 3, 2020, '2023-01-16 05:30:44', '0000-00-00 00:00:00'),
('CL000828', 'MH02', 'SV027', 10, 3, 0, 2020, '2023-01-16 05:30:44', '0000-00-00 00:00:00'),
('CL000829', 'MH03', 'SV033', 2, 8, 5, 2021, '2023-01-16 05:30:44', '0000-00-00 00:00:00'),
('CL000830', 'MH05', 'SV038', 6, 6, 4, 2022, '2023-01-16 05:30:44', '0000-00-00 00:00:00'),
('CL000831', 'MH09', 'SV081', 4, 8, 5, 2020, '2023-01-16 05:30:44', '0000-00-00 00:00:00'),
('CL000832', 'MH01', 'SV040', 1, 7, 0, 2020, '2023-01-16 05:30:44', '0000-00-00 00:00:00'),
('CL000833', 'MH03', 'SV050', 4, 10, 8, 2020, '2023-01-16 05:30:44', '0000-00-00 00:00:00'),
('CL000834', 'MH08', 'SV049', 2, 6, 1, 2022, '2023-01-16 05:30:44', '0000-00-00 00:00:00'),
('CL000835', 'MH07', 'SV046', 8, 10, 9, 2023, '2023-01-16 05:30:44', '0000-00-00 00:00:00'),
('CL000836', 'MH01', 'SV100', 8, 2, 1, 2021, '2023-01-16 05:30:44', '0000-00-00 00:00:00'),
('CL000837', 'MH05', 'SV011', 1, 1, 8, 2020, '2023-01-16 05:30:44', '0000-00-00 00:00:00'),
('CL000838', 'MH09', 'SV074', 0, 0, 2, 2020, '2023-01-16 05:30:44', '0000-00-00 00:00:00'),
('CL000839', 'MH02', 'SV089', 3, 5, 0, 2021, '2023-01-16 05:30:44', '0000-00-00 00:00:00'),
('CL000840', 'MH06', 'SV046', 10, 3, 10, 2020, '2023-01-16 05:30:44', '0000-00-00 00:00:00'),
('CL000841', 'MH03', 'SV063', 5, 10, 1, 2023, '2023-01-16 05:30:44', '0000-00-00 00:00:00'),
('CL000842', 'MH08', 'SV082', 9, 8, 9, 2022, '2023-01-16 05:30:44', '0000-00-00 00:00:00'),
('CL000843', 'MH04', 'SV095', 9, 6, 6, 2020, '2023-01-16 05:30:44', '0000-00-00 00:00:00'),
('CL000844', 'MH05', 'SV086', 1, 9, 0, 2021, '2023-01-16 05:30:44', '0000-00-00 00:00:00'),
('CL000845', 'MH02', 'SV053', 5, 5, 3, 2020, '2023-01-16 05:30:44', '0000-00-00 00:00:00'),
('CL000846', 'MH07', 'SV047', 3, 1, 7, 2022, '2023-01-16 05:30:44', '0000-00-00 00:00:00'),
('CL000847', 'MH06', 'SV034', 1, 6, 8, 2022, '2023-01-16 05:30:44', '0000-00-00 00:00:00'),
('CL000848', 'MH08', 'SV068', 4, 2, 10, 2021, '2023-01-16 05:30:44', '0000-00-00 00:00:00'),
('CL000849', 'MH04', 'SV037', 1, 2, 1, 2020, '2023-01-16 05:30:44', '0000-00-00 00:00:00'),
('CL000850', 'MH02', 'SV041', 8, 0, 9, 2023, '2023-01-16 05:30:44', '0000-00-00 00:00:00'),
('CL000851', 'MH08', 'SV038', 3, 7, 5, 2022, '2023-01-16 05:30:44', '0000-00-00 00:00:00'),
('CL000852', 'MH06', 'SV012', 10, 3, 9, 2023, '2023-01-16 05:30:44', '0000-00-00 00:00:00'),
('CL000853', 'MH07', 'SV029', 0, 2, 5, 2021, '2023-01-16 05:30:44', '0000-00-00 00:00:00'),
('CL000854', 'MH02', 'SV085', 4, 8, 10, 2021, '2023-01-16 05:30:44', '0000-00-00 00:00:00'),
('CL000855', 'MH03', 'SV070', 2, 9, 2, 2020, '2023-01-16 05:30:44', '0000-00-00 00:00:00'),
('CL000856', 'MH09', 'SV006', 4, 10, 0, 2023, '2023-01-16 05:30:44', '0000-00-00 00:00:00'),
('CL000857', 'MH04', 'SV060', 3, 8, 4, 2022, '2023-01-16 05:30:44', '0000-00-00 00:00:00'),
('CL000858', 'MH09', 'SV018', 8, 9, 4, 2023, '2023-01-16 05:30:44', '0000-00-00 00:00:00'),
('CL000859', 'MH03', 'SV029', 0, 5, 4, 2022, '2023-01-16 05:30:44', '0000-00-00 00:00:00'),
('CL000860', 'MH01', 'SV025', 7, 10, 3, 2023, '2023-01-16 05:30:44', '0000-00-00 00:00:00'),
('CL000861', 'MH09', 'SV001', 5, 9, 5, 2021, '2023-01-16 05:30:44', '0000-00-00 00:00:00'),
('CL000862', 'MH05', 'SV008', 10, 4, 3, 2023, '2023-01-16 05:30:44', '0000-00-00 00:00:00'),
('CL000863', 'MH05', 'SV043', 5, 10, 5, 2023, '2023-01-16 05:30:44', '0000-00-00 00:00:00'),
('CL000864', 'MH07', 'SV089', 1, 7, 7, 2020, '2023-01-16 05:30:44', '0000-00-00 00:00:00'),
('CL000865', 'MH02', 'SV051', 10, 4, 2, 2023, '2023-01-16 05:30:44', '0000-00-00 00:00:00'),
('CL000866', 'MH05', 'SV093', 2, 6, 5, 2023, '2023-01-16 05:30:44', '0000-00-00 00:00:00'),
('CL000867', 'MH09', 'SV001', 7, 10, 2, 2020, '2023-01-16 05:30:44', '0000-00-00 00:00:00'),
('CL000868', 'MH01', 'SV089', 10, 2, 7, 2023, '2023-01-16 05:30:44', '0000-00-00 00:00:00'),
('CL000869', 'MH03', 'SV051', 0, 7, 4, 2020, '2023-01-16 05:30:44', '0000-00-00 00:00:00'),
('CL000870', 'MH05', 'SV034', 6, 2, 0, 2022, '2023-01-16 05:30:44', '0000-00-00 00:00:00'),
('CL000871', 'MH07', 'SV066', 0, 0, 5, 2020, '2023-01-16 05:30:44', '0000-00-00 00:00:00'),
('CL000872', 'MH09', 'SV006', 5, 5, 2, 2023, '2023-01-16 05:30:44', '0000-00-00 00:00:00'),
('CL000873', 'MH02', 'SV060', 2, 9, 5, 2022, '2023-01-16 05:30:44', '0000-00-00 00:00:00'),
('CL000874', 'MH04', 'SV012', 3, 2, 8, 2023, '2023-01-16 05:30:44', '0000-00-00 00:00:00'),
('CL000875', 'MH09', 'SV072', 3, 7, 7, 2022, '2023-01-16 05:30:44', '0000-00-00 00:00:00'),
('CL000876', 'MH01', 'SV023', 2, 5, 3, 2021, '2023-01-16 05:30:44', '0000-00-00 00:00:00'),
('CL000877', 'MH04', 'SV012', 2, 0, 8, 2021, '2023-01-16 05:30:44', '0000-00-00 00:00:00'),
('CL000878', 'MH08', 'SV097', 0, 7, 1, 2022, '2023-01-16 05:30:44', '0000-00-00 00:00:00'),
('CL000879', 'MH06', 'SV030', 8, 9, 1, 2022, '2023-01-16 05:30:44', '0000-00-00 00:00:00'),
('CL000880', 'MH01', 'SV003', 10, 7, 2, 2023, '2023-01-16 05:30:44', '0000-00-00 00:00:00'),
('CL000881', 'MH05', 'SV041', 4, 6, 10, 2022, '2023-01-16 05:30:44', '0000-00-00 00:00:00'),
('CL000882', 'MH07', 'SV042', 7, 3, 9, 2020, '2023-01-16 05:30:44', '0000-00-00 00:00:00'),
('CL000883', 'MH02', 'SV004', 4, 5, 10, 2022, '2023-01-16 05:30:44', '0000-00-00 00:00:00'),
('CL000884', 'MH01', 'SV088', 6, 9, 8, 2021, '2023-01-16 05:30:44', '0000-00-00 00:00:00'),
('CL000885', 'MH02', 'SV085', 4, 5, 4, 2023, '2023-01-16 05:30:44', '0000-00-00 00:00:00'),
('CL000886', 'MH04', 'SV079', 5, 7, 6, 2022, '2023-01-16 05:30:44', '0000-00-00 00:00:00'),
('CL000887', 'MH02', 'SV003', 7, 4, 2, 2020, '2023-01-16 05:30:44', '0000-00-00 00:00:00'),
('CL000888', 'MH09', 'SV080', 0, 8, 6, 2022, '2023-01-16 05:30:44', '0000-00-00 00:00:00'),
('CL000889', 'MH06', 'SV084', 10, 9, 3, 2021, '2023-01-16 05:30:44', '0000-00-00 00:00:00'),
('CL000890', 'MH04', 'SV044', 2, 10, 6, 2021, '2023-01-16 05:30:44', '0000-00-00 00:00:00'),
('CL000891', 'MH05', 'SV097', 8, 1, 3, 2022, '2023-01-16 05:30:44', '0000-00-00 00:00:00'),
('CL000892', 'MH09', 'SV088', 2, 8, 2, 2021, '2023-01-16 05:30:44', '0000-00-00 00:00:00'),
('CL000893', 'MH02', 'SV041', 6, 4, 4, 2022, '2023-01-16 05:30:44', '0000-00-00 00:00:00'),
('CL000894', 'MH04', 'SV091', 10, 5, 4, 2021, '2023-01-16 05:30:44', '0000-00-00 00:00:00'),
('CL000895', 'MH06', 'SV091', 4, 4, 7, 2021, '2023-01-16 05:30:44', '0000-00-00 00:00:00'),
('CL000896', 'MH05', 'SV073', 8, 4, 6, 2023, '2023-01-16 05:30:44', '0000-00-00 00:00:00'),
('CL000897', 'MH08', 'SV052', 7, 8, 8, 2021, '2023-01-16 05:30:44', '0000-00-00 00:00:00'),
('CL000898', 'MH01', 'SV096', 5, 4, 5, 2021, '2023-01-16 05:30:44', '0000-00-00 00:00:00'),
('CL000899', 'MH08', 'SV028', 10, 3, 9, 2023, '2023-01-16 05:30:44', '0000-00-00 00:00:00'),
('CL000900', 'MH06', 'SV095', 7, 10, 9, 2020, '2023-01-16 05:30:44', '0000-00-00 00:00:00'),
('CL000901', 'MH09', 'SV050', 1, 3, 5, 2023, '2023-01-16 05:30:44', '0000-00-00 00:00:00'),
('CL000902', 'MH04', 'SV078', 7, 7, 6, 2020, '2023-01-16 05:30:44', '0000-00-00 00:00:00'),
('CL000903', 'MH08', 'SV067', 2, 2, 5, 2023, '2023-01-16 05:30:44', '0000-00-00 00:00:00'),
('CL000904', 'MH05', 'SV011', 3, 2, 9, 2022, '2023-01-16 05:30:44', '0000-00-00 00:00:00'),
('CL000905', 'MH06', 'SV002', 7, 2, 8, 2021, '2023-01-16 05:30:44', '0000-00-00 00:00:00'),
('CL000906', 'MH07', 'SV070', 8, 10, 3, 2022, '2023-01-16 05:30:44', '0000-00-00 00:00:00'),
('CL000907', 'MH01', 'SV069', 7, 6, 0, 2020, '2023-01-16 05:30:44', '0000-00-00 00:00:00'),
('CL000908', 'MH01', 'SV023', 0, 0, 8, 2023, '2023-01-16 05:30:44', '0000-00-00 00:00:00'),
('CL000909', 'MH05', 'SV059', 9, 2, 8, 2022, '2023-01-16 05:30:44', '0000-00-00 00:00:00'),
('CL000910', 'MH02', 'SV079', 6, 10, 9, 2022, '2023-01-16 05:30:44', '0000-00-00 00:00:00'),
('CL000911', 'MH02', 'SV006', 1, 0, 2, 2023, '2023-01-16 05:30:44', '0000-00-00 00:00:00'),
('CL000912', 'MH09', 'SV025', 8, 10, 2, 2021, '2023-01-16 05:30:44', '0000-00-00 00:00:00'),
('CL000913', 'MH07', 'SV066', 9, 10, 2, 2020, '2023-01-16 05:30:44', '0000-00-00 00:00:00'),
('CL000914', 'MH06', 'SV027', 8, 0, 0, 2022, '2023-01-16 05:30:44', '0000-00-00 00:00:00'),
('CL000915', 'MH09', 'SV061', 1, 5, 1, 2022, '2023-01-16 05:30:44', '0000-00-00 00:00:00'),
('CL000916', 'MH05', 'SV075', 1, 1, 0, 2023, '2023-01-16 05:30:44', '0000-00-00 00:00:00'),
('CL000917', 'MH07', 'SV051', 6, 9, 9, 2022, '2023-01-16 05:30:44', '0000-00-00 00:00:00'),
('CL000918', 'MH03', 'SV030', 2, 1, 0, 2023, '2023-01-16 05:30:44', '0000-00-00 00:00:00'),
('CL000919', 'MH09', 'SV063', 5, 0, 5, 2021, '2023-01-16 05:30:44', '0000-00-00 00:00:00'),
('CL000920', 'MH05', 'SV044', 3, 2, 8, 2023, '2023-01-16 05:30:44', '0000-00-00 00:00:00'),
('CL000921', 'MH04', 'SV040', 4, 5, 10, 2021, '2023-01-16 05:30:44', '0000-00-00 00:00:00'),
('CL000922', 'MH07', 'SV006', 7, 8, 7, 2022, '2023-01-16 05:30:44', '0000-00-00 00:00:00'),
('CL000923', 'MH05', 'SV012', 2, 8, 1, 2021, '2023-01-16 05:30:44', '0000-00-00 00:00:00'),
('CL000924', 'MH07', 'SV034', 3, 6, 6, 2023, '2023-01-16 05:30:44', '0000-00-00 00:00:00'),
('CL000925', 'MH06', 'SV090', 3, 1, 6, 2022, '2023-01-16 05:30:44', '0000-00-00 00:00:00'),
('CL000926', 'MH03', 'SV028', 3, 3, 3, 2022, '2023-01-16 05:30:44', '0000-00-00 00:00:00'),
('CL000927', 'MH03', 'SV004', 4, 2, 1, 2021, '2023-01-16 05:30:44', '0000-00-00 00:00:00'),
('CL000928', 'MH07', 'SV073', 4, 10, 8, 2023, '2023-01-16 05:30:44', '0000-00-00 00:00:00'),
('CL000929', 'MH05', 'SV057', 4, 9, 1, 2020, '2023-01-16 05:30:44', '0000-00-00 00:00:00'),
('CL000930', 'MH01', 'SV079', 4, 1, 1, 2022, '2023-01-16 05:30:44', '0000-00-00 00:00:00'),
('CL000931', 'MH09', 'SV073', 4, 2, 3, 2022, '2023-01-16 05:30:44', '0000-00-00 00:00:00'),
('CL000932', 'MH08', 'SV092', 2, 2, 1, 2020, '2023-01-16 05:30:44', '0000-00-00 00:00:00'),
('CL000933', 'MH01', 'SV013', 1, 1, 7, 2022, '2023-01-16 05:30:44', '0000-00-00 00:00:00'),
('CL000934', 'MH03', 'SV038', 10, 5, 1, 2022, '2023-01-16 05:30:44', '0000-00-00 00:00:00'),
('CL000935', 'MH09', 'SV035', 9, 0, 4, 2022, '2023-01-16 05:30:44', '0000-00-00 00:00:00'),
('CL000936', 'MH05', 'SV017', 3, 9, 2, 2022, '2023-01-16 05:30:44', '0000-00-00 00:00:00'),
('CL000937', 'MH01', 'SV052', 6, 8, 10, 2022, '2023-01-16 05:30:44', '0000-00-00 00:00:00'),
('CL000938', 'MH07', 'SV058', 4, 6, 8, 2023, '2023-01-16 05:30:44', '0000-00-00 00:00:00'),
('CL000939', 'MH04', 'SV095', 10, 3, 1, 2023, '2023-01-16 05:30:44', '0000-00-00 00:00:00'),
('CL000940', 'MH07', 'SV072', 1, 8, 1, 2023, '2023-01-16 05:30:44', '0000-00-00 00:00:00'),
('CL000941', 'MH06', 'SV002', 7, 2, 0, 2023, '2023-01-16 05:30:44', '0000-00-00 00:00:00'),
('CL000942', 'MH05', 'SV074', 8, 5, 4, 2021, '2023-01-16 05:30:44', '0000-00-00 00:00:00'),
('CL000943', 'MH06', 'SV092', 10, 5, 9, 2023, '2023-01-16 05:30:44', '0000-00-00 00:00:00'),
('CL000944', 'MH05', 'SV071', 8, 4, 6, 2023, '2023-01-16 05:30:44', '0000-00-00 00:00:00'),
('CL000945', 'MH07', 'SV071', 4, 10, 8, 2023, '2023-01-16 05:30:44', '0000-00-00 00:00:00'),
('CL000946', 'MH01', 'SV037', 1, 0, 6, 2023, '2023-01-16 05:30:44', '0000-00-00 00:00:00'),
('CL000947', 'MH06', 'SV049', 2, 6, 0, 2021, '2023-01-16 05:30:44', '0000-00-00 00:00:00'),
('CL000948', 'MH06', 'SV067', 7, 5, 6, 2021, '2023-01-16 05:30:44', '0000-00-00 00:00:00'),
('CL000949', 'MH02', 'SV008', 3, 1, 1, 2020, '2023-01-16 05:30:44', '0000-00-00 00:00:00'),
('CL000950', 'MH06', 'SV081', 6, 0, 9, 2021, '2023-01-16 05:30:44', '0000-00-00 00:00:00'),
('CL000951', 'MH05', 'SV064', 0, 5, 1, 2022, '2023-01-16 05:30:44', '0000-00-00 00:00:00'),
('CL000952', 'MH04', 'SV075', 8, 1, 1, 2022, '2023-01-16 05:30:44', '0000-00-00 00:00:00'),
('CL000953', 'MH07', 'SV012', 9, 1, 10, 2023, '2023-01-16 05:30:44', '0000-00-00 00:00:00'),
('CL000954', 'MH04', 'SV018', 0, 4, 6, 2023, '2023-01-16 05:30:44', '0000-00-00 00:00:00'),
('CL000955', 'MH06', 'SV028', 10, 6, 10, 2020, '2023-01-16 05:30:44', '0000-00-00 00:00:00'),
('CL000956', 'MH06', 'SV008', 10, 3, 3, 2022, '2023-01-16 05:30:44', '0000-00-00 00:00:00'),
('CL000957', 'MH03', 'SV092', 5, 7, 1, 2023, '2023-01-16 05:30:44', '0000-00-00 00:00:00'),
('CL000958', 'MH08', 'SV052', 3, 3, 7, 2021, '2023-01-16 05:30:44', '0000-00-00 00:00:00'),
('CL000959', 'MH05', 'SV097', 5, 9, 9, 2020, '2023-01-16 05:30:44', '0000-00-00 00:00:00'),
('CL000960', 'MH05', 'SV061', 2, 8, 3, 2022, '2023-01-16 05:30:44', '0000-00-00 00:00:00'),
('CL000961', 'MH08', 'SV053', 3, 6, 4, 2023, '2023-01-16 05:30:44', '0000-00-00 00:00:00'),
('CL000962', 'MH01', 'SV029', 4, 7, 0, 2020, '2023-01-16 05:30:44', '0000-00-00 00:00:00'),
('CL000963', 'MH04', 'SV084', 10, 6, 10, 2022, '2023-01-16 05:30:44', '0000-00-00 00:00:00'),
('CL000964', 'MH03', 'SV084', 1, 3, 10, 2020, '2023-01-16 05:30:44', '0000-00-00 00:00:00'),
('CL000965', 'MH06', 'SV024', 10, 10, 2, 2022, '2023-01-16 05:30:44', '0000-00-00 00:00:00'),
('CL000966', 'MH09', 'SV064', 8, 0, 6, 2022, '2023-01-16 05:30:44', '0000-00-00 00:00:00'),
('CL000967', 'MH08', 'SV079', 6, 4, 8, 2023, '2023-01-16 05:30:44', '0000-00-00 00:00:00'),
('CL000968', 'MH06', 'SV007', 1, 4, 5, 2023, '2023-01-16 05:30:44', '0000-00-00 00:00:00'),
('CL000969', 'MH06', 'SV099', 4, 5, 3, 2020, '2023-01-16 05:30:44', '0000-00-00 00:00:00'),
('CL000970', 'MH01', 'SV004', 8, 4, 10, 2022, '2023-01-16 05:30:44', '0000-00-00 00:00:00'),
('CL000971', 'MH08', 'SV008', 10, 4, 7, 2023, '2023-01-16 05:30:44', '0000-00-00 00:00:00'),
('CL000972', 'MH04', 'SV058', 0, 1, 2, 2023, '2023-01-16 05:30:44', '0000-00-00 00:00:00'),
('CL000973', 'MH03', 'SV057', 1, 0, 0, 2022, '2023-01-16 05:30:44', '0000-00-00 00:00:00'),
('CL000974', 'MH03', 'SV074', 8, 8, 2, 2020, '2023-01-16 05:30:44', '0000-00-00 00:00:00'),
('CL000975', 'MH03', 'SV011', 0, 0, 7, 2020, '2023-01-16 05:30:44', '0000-00-00 00:00:00'),
('CL000976', 'MH02', 'SV052', 3, 7, 1, 2022, '2023-01-16 05:30:44', '0000-00-00 00:00:00'),
('CL000977', 'MH01', 'SV066', 6, 10, 7, 2021, '2023-01-16 05:30:44', '0000-00-00 00:00:00'),
('CL000978', 'MH05', 'SV080', 0, 7, 5, 2020, '2023-01-16 05:30:44', '0000-00-00 00:00:00'),
('CL000979', 'MH08', 'SV043', 9, 3, 5, 2022, '2023-01-16 05:30:44', '0000-00-00 00:00:00'),
('CL000980', 'MH04', 'SV056', 7, 5, 1, 2021, '2023-01-16 05:30:44', '0000-00-00 00:00:00'),
('CL000981', 'MH09', 'SV099', 6, 9, 0, 2022, '2023-01-16 05:30:44', '0000-00-00 00:00:00'),
('CL000982', 'MH06', 'SV001', 3, 1, 4, 2022, '2023-01-16 05:30:44', '0000-00-00 00:00:00'),
('CL000983', 'MH02', 'SV063', 0, 8, 3, 2021, '2023-01-16 05:30:44', '0000-00-00 00:00:00'),
('CL000984', 'MH07', 'SV051', 9, 7, 8, 2022, '2023-01-16 05:30:44', '0000-00-00 00:00:00'),
('CL000985', 'MH05', 'SV073', 5, 1, 5, 2020, '2023-01-16 05:30:44', '0000-00-00 00:00:00'),
('CL000986', 'MH05', 'SV061', 4, 8, 0, 2022, '2023-01-16 05:30:44', '0000-00-00 00:00:00'),
('CL000987', 'MH02', 'SV097', 0, 10, 10, 2023, '2023-01-16 05:30:44', '0000-00-00 00:00:00'),
('CL000988', 'MH09', 'SV007', 10, 8, 2, 2021, '2023-01-16 05:30:44', '0000-00-00 00:00:00'),
('CL000989', 'MH09', 'SV096', 10, 1, 4, 2023, '2023-01-16 05:30:44', '0000-00-00 00:00:00'),
('CL000990', 'MH06', 'SV043', 9, 8, 9, 2023, '2023-01-16 05:30:44', '0000-00-00 00:00:00'),
('CL000991', 'MH04', 'SV090', 0, 7, 7, 2022, '2023-01-16 05:30:44', '0000-00-00 00:00:00'),
('CL000992', 'MH02', 'SV065', 4, 1, 2, 2021, '2023-01-16 05:30:44', '0000-00-00 00:00:00'),
('CL000993', 'MH01', 'SV023', 5, 2, 6, 2020, '2023-01-16 05:30:44', '0000-00-00 00:00:00'),
('CL000994', 'MH07', 'SV086', 9, 9, 8, 2020, '2023-01-16 05:30:44', '0000-00-00 00:00:00'),
('CL000995', 'MH09', 'SV025', 9, 7, 0, 2023, '2023-01-16 05:30:44', '0000-00-00 00:00:00'),
('CL000996', 'MH02', 'SV050', 4, 6, 3, 2023, '2023-01-16 05:30:44', '0000-00-00 00:00:00'),
('CL000997', 'MH09', 'SV093', 7, 8, 3, 2022, '2023-01-16 05:30:44', '0000-00-00 00:00:00'),
('CL000998', 'MH07', 'SV090', 5, 8, 8, 2022, '2023-01-16 05:30:44', '0000-00-00 00:00:00'),
('CL000999', 'MH08', 'SV075', 7, 9, 8, 2021, '2023-01-16 05:30:44', '0000-00-00 00:00:00'),
('CL001000', 'MH07', 'SV031', 8, 7, 6, 2021, '2023-01-16 05:30:44', '0000-00-00 00:00:00'),
('CL001001', 'MH01', 'SV018', 5, 0, 0, 2021, '2023-01-16 05:30:44', '0000-00-00 00:00:00');

-- --------------------------------------------------------

--
-- Cấu trúc bảng cho bảng `role`
--

CREATE TABLE `role` (
  `ID` varchar(50) NOT NULL,
  `name` varchar(50) NOT NULL
) ENGINE=InnoDB DEFAULT CHARSET=utf8mb4;

--
-- Đang đổ dữ liệu cho bảng `role`
--

INSERT INTO `role` (`ID`, `name`) VALUES
('r1', 'admin'),
('r2', 'student');

-- --------------------------------------------------------

--
-- Cấu trúc bảng cho bảng `subject`
--

CREATE TABLE `subject` (
  `ID` varchar(50) NOT NULL,
  `name` varchar(250) NOT NULL,
  `create_at` datetime NOT NULL DEFAULT current_timestamp(),
  `update_at` datetime NOT NULL DEFAULT '0000-00-00 00:00:00' ON UPDATE current_timestamp()
) ENGINE=InnoDB DEFAULT CHARSET=utf8mb4;

--
-- Đang đổ dữ liệu cho bảng `subject`
--

INSERT INTO `subject` (`ID`, `name`, `create_at`, `update_at`) VALUES
('MH01', 'Ngữ Văn', '2023-01-16 05:13:57', '0000-00-00 00:00:00'),
('MH02', 'Toán', '2023-01-16 05:13:57', '0000-00-00 00:00:00'),
('MH03', 'Lịch Sử', '2023-01-16 05:13:57', '0000-00-00 00:00:00'),
('MH04', 'Địa Lý', '2023-01-16 05:13:57', '0000-00-00 00:00:00'),
('MH05', 'Vật Lý', '2023-01-16 05:13:57', '0000-00-00 00:00:00'),
('MH06', 'Hóa Học', '2023-01-16 05:13:57', '0000-00-00 00:00:00'),
('MH07', 'Sinh Học', '2023-01-16 05:13:57', '0000-00-00 00:00:00'),
('MH08', 'Tiếng Anh', '2023-01-16 05:13:57', '0000-00-00 00:00:00'),
('MH09', 'Tin học', '2023-01-16 05:13:57', '0000-00-00 00:00:00');

-- --------------------------------------------------------

--
-- Cấu trúc bảng cho bảng `user`
--

CREATE TABLE `user` (
  `ID` varchar(50) NOT NULL,
  `firstname` varchar(250) NOT NULL,
  `lastname` varchar(250) NOT NULL,
  `email` varchar(250) NOT NULL,
  `role_id` varchar(50) NOT NULL,
  `password` varchar(50) NOT NULL,
  `religion` varchar(50) NOT NULL,
  `address` varchar(250) NOT NULL,
  `create_at` datetime NOT NULL DEFAULT current_timestamp(),
  `update_at` datetime NOT NULL DEFAULT '0000-00-00 00:00:00' ON UPDATE current_timestamp()
) ENGINE=InnoDB DEFAULT CHARSET=utf8mb4;

--
-- Đang đổ dữ liệu cho bảng `user`
--

INSERT INTO `user` (`ID`, `firstname`, `lastname`, `email`, `role_id`, `password`, `religion`, `address`, `create_at`, `update_at`) VALUES
('SV000', 'Giang', 'Nguyễn Thị Hà', 'gianggiang@gmail.com', 'r2', 'password', 'Không', 'Huế', '2023-01-16 05:15:11', '0000-00-00 00:00:00'),
('SV001', 'Hưng', 'Hồ Thị', 'hunghothi719@gmail.com', 'r2', 'BZUaT0AU', 'Tin lành', 'Cần Thơ', '2023-01-16 05:18:23', '0000-00-00 00:00:00'),
('SV002', 'Hải', 'Hồ Thị', 'haihothi675@gmail.com', 'r2', '7125BPYL', 'Hồi giáo', 'Hải \r\nPhòng', '2023-01-16 05:18:23', '0000-00-00 00:00:00'),
('SV003', 'Hoa', 'Trần Huy', 'hoatranhuy357@gmail.com', 'r2', 'm6UG4rU0', 'Không', 'Hà Nội', '2023-01-16 05:18:23', '0000-00-00 00:00:00'),
('SV004', 'Huy', 'Lê Thị', 'huylethi589@gmail.com', 'r2', 'ACti9rLx', 'Không', 'Huế', '2023-01-16 05:18:23', '0000-00-00 00:00:00'),
('SV005', 'Hạnh', 'Hồ Văn', 'hanhhovan454@gmail.com', 'r2', 'YwNQJkqN', 'Không', 'Hồ Chí Minh', '2023-01-16 05:18:23', '0000-00-00 00:00:00'),
('SV006', 'Hạnh', 'Trần Văn', 'hanhtranvan225@gmail.com', 'r2', 'Z6@V1@47', 'Công giáo', 'Vũng Tàu', '2023-01-16 05:18:23', '0000-00-00 00:00:00'),
('SV007', 'Hạnh', 'Nguyễn Ngọc', 'hanhnguyenngoc449@gmail.com', 'r2', 'd-Q1Sz3.', 'Không', 'Huế', '2023-01-16 05:18:23', '0000-00-00 00:00:00'),
('SV008', 'Hương', 'Nguyễn Khánh', 'huongnguyenkhanh406@gmail.com', 'r2', 'mr@CjPO.', 'Không', 'Hồ Chí Minh', '2023-01-16 05:18:23', '0000-00-00 00:00:00'),
('SV009', 'Bình', 'Trần Văn', 'binhtranvan769@gmail.com', 'r2', 'qNRGn6ar', 'Phật giáo', 'Hà Nội', '2023-01-16 05:18:23', '0000-00-00 00:00:00'),
('SV010', 'Anh', 'Hồ Văn', 'anhhovan378@gmail.com', 'r2', '8vOsV5iV', 'Hồi giáo', 'Hồ Chí Minh', '2023-01-16 05:18:23', '0000-00-00 00:00:00'),
('SV011', 'Bình', 'Trần Huy', 'binhtranhuy711@gmail.com', 'r2', 'ha0xNumr', 'Hồi giáo', 'Bình Dương', '2023-01-16 05:18:23', '0000-00-00 00:00:00'),
('SV012', 'An', 'Phạm Văn', 'anphamvan306@gmail.com', 'r2', '4PFu3C@M', 'Phật giáo', 'Cần Thơ', '2023-01-16 05:18:23', '0000-00-00 00:00:00'),
('SV013', 'Giang', 'Nguyễn Thị', 'giangnguyenthi943@gmail.com', 'r2', 'a0xDjMpi', 'Tin lành', 'Vũng Tàu', '2023-01-16 05:18:23', '0000-00-00 00:00:00'),
('SV014', 'Hồng', 'Trần Văn', 'hongtranvan498@gmail.com', 'r2', 'buS-BwFP', 'Phật giáo', 'Bình Thuận', '2023-01-16 05:18:23', '0000-00-00 00:00:00'),
('SV015', 'Bình', 'Phạm Văn', 'binhphamvan294@gmail.com', 'r2', 'GHNb9tEd', 'Phật giáo', 'Hải Phòng', '2023-01-16 05:18:23', '0000-00-00 00:00:00'),
('SV016', 'Huy', 'Nguyễn Ngọc', 'huynguyenngoc524@gmail.com', 'r2', 'nIaz.-NP', 'Không', 'Cần Thơ', '2023-01-16 05:18:23', '0000-00-00 00:00:00'),
('SV017', 'Hải', 'Nguyễn Khánh', 'hainguyenkhanh677@gmail.com', 'r2', 'fvkKtI4j', 'Tin lành', 'Hải Phòng', '2023-01-16 05:18:23', '0000-00-00 00:00:00'),
('SV018', 'Vy', 'Hồ Bảo', 'vyhobao106@gmail.com', 'r2', 'vnU1uu4p', 'Không', 'Vũng Tàu', '2023-01-16 05:18:23', '0000-00-00 00:00:00'),
('SV019', 'Bằng', 'Trần Thị', 'bangtranthi814@gmail.com', 'r2', '5CmM.rWH', 'Tin lành', 'Huế', '2023-01-16 05:18:23', '0000-00-00 00:00:00'),
('SV020', 'An', 'Nguyễn Khánh', 'annguyenkhanh132@gmail.com', 'r2', 'O2T@dJhj', 'Hồi giáo', 'Huế', '2023-01-16 05:18:23', '0000-00-00 00:00:00'),
('SV021', 'Châu', 'Nguyễn Khánh', 'chaunguyenkhanh872@gmail.com', 'r2', 'mo@3wPnE', 'Tin lành', 'Bình Dương', '2023-01-16 05:18:23', '0000-00-00 00:00:00'),
('SV022', 'Hiệu', 'Nguyễn Ngọc', 'hieunguyenngoc341@gmail.com', 'r2', 'aOZkdlrz', 'Không', 'Vũng Tàu', '2023-01-16 05:18:23', '0000-00-00 00:00:00'),
('SV023', 'Anh', 'Hồ Thị', 'anhhothi478@gmail.com', 'r2', 'wvM2mmzy', 'Phật giáo', 'Hải Phòng', '2023-01-16 05:18:23', '0000-00-00 00:00:00'),
('SV024', 'Hải', 'Hồ Bảo', 'haihobao840@gmail.com', 'r2', 'Zd8Q0MfX', 'Không', 'Hải Phòng', '2023-01-16 05:18:23', '0000-00-00 00:00:00'),
('SV025', 'Huy', 'Hồ Bảo', 'huyhobao848@gmail.com', 'r2', 'LAIkw8H7', 'Không', 'Hà Nội', '2023-01-16 05:18:23', '0000-00-00 00:00:00'),
('SV026', 'Hồng', 'Trần Văn', 'hongtranvan723@gmail.com', 'r2', 'C5nm3CO5', 'Không', 'Hồ Chí Minh', '2023-01-16 05:18:23', '0000-00-00 00:00:00'),
('SV027', 'Bích', 'Lê Văn', 'bichlevan330@gmail.com', 'r2', 'CPCM76BP', 'Không', 'Hải Phòng', '2023-01-16 05:18:23', '0000-00-00 00:00:00'),
('SV028', 'Hạnh', 'Nguyễn Thị', 'hanhnguyenthi315@gmail.com', 'r2', 'uLdZVNSB', 'Không', 'Bình Dương', '2023-01-16 05:18:23', '0000-00-00 00:00:00'),
('SV029', 'Hùng', 'Trần Huy', 'hungtranhuy431@gmail.com', 'r2', '8mZlZAkm', 'Hồi giáo', 'Hồ Chí Minh', '2023-01-16 05:18:23', '0000-00-00 00:00:00'),
('SV030', 'Chi', 'Hồ Văn', 'chihovan139@gmail.com', 'r2', 'ZELZhmZv', 'Không', 'Bình Thuận', '2023-01-16 05:18:23', '0000-00-00 00:00:00'),
('SV031', 'Huy', 'Hồ Văn', 'huyhovan125@gmail.com', 'r2', 'vcwKo2q5', 'Tin lành', 'Vũng Tàu', '2023-01-16 05:18:23', '0000-00-00 00:00:00'),
('SV032', 'Hạnh', 'Phạm Thị', 'hanhphamthi328@gmail.com', 'r2', 'SI279-u9', 'Tin lành', 'Bình Thuận', '2023-01-16 05:18:23', '0000-00-00 00:00:00'),
('SV033', 'Châu', 'Phạm Thị', 'chauphamthi575@gmail.com', 'r2', 'vC0CLDne', 'Không', 'Cần Thơ', '2023-01-16 05:18:23', '0000-00-00 00:00:00'),
('SV034', 'Bằng', 'Trần Huy', 'bangtranhuy656@gmail.com', 'r2', 'Bgjpdx8J', 'Không', 'Huế', '2023-01-16 05:18:23', '0000-00-00 00:00:00'),
('SV035', 'Quân', 'Lê Thị', 'quanlethi966@gmail.com', 'r2', 'AhT1Q@ee', 'Không', 'Đà Nẵng', '2023-01-16 05:18:23', '0000-00-00 00:00:00'),
('SV036', 'Bình', 'Hồ Bảo', 'binhhobao389@gmail.com', 'r2', 'wTcd2Qyo', 'Tin lành', 'Cần Thơ', '2023-01-16 05:18:23', '0000-00-00 00:00:00'),
('SV037', 'Hồng', 'Hồ Văn', 'honghovan288@gmail.com', 'r2', '.fSFuxYK', 'Không', 'Cần Thơ', '2023-01-16 05:18:23', '0000-00-00 00:00:00'),
('SV038', 'Hạnh', 'Trần Thị', 'hanhtranthi101@gmail.com', 'r2', '.25mA7fS', 'Không', 'Hà Nội', '2023-01-16 05:18:23', '0000-00-00 00:00:00'),
('SV039', 'Huy', 'Lê Thị', 'huylethi626@gmail.com', 'r2', 'Y.wj1rMQ', 'Công giáo', 'Nha Trang', '2023-01-16 05:18:23', '0000-00-00 00:00:00'),
('SV040', 'Hạnh', 'Trần Huy', 'hanhtranhuy297@gmail.com', 'r2', 'MLUvQ0C2', 'Tin lành', 'Hồ Chí Minh', '2023-01-16 05:18:23', '0000-00-00 00:00:00'),
('SV041', 'Phương', 'Nguyễn Ngọc', 'phuongnguyenngoc572@gmail.com', 'r2', 'vmGo3LR-', 'Không', 'Bình Thuận', '2023-01-16 05:18:23', '0000-00-00 00:00:00'),
('SV042', 'Hằng', 'Hồ Bảo', 'hanghobao611@gmail.com', 'r2', 'gtDSUmBz', 'Không', 'Vũng Tàu', '2023-01-16 05:18:23', '0000-00-00 00:00:00'),
('SV043', 'Bình', 'Hồ Bảo', 'binhhobao735@gmail.com', 'r2', 'BYVyB9XE', 'Tin lành', 'Hồ Chí Minh', '2023-01-16 05:18:23', '0000-00-00 00:00:00'),
('SV044', 'Châu', 'Trần Huy', 'chautranhuy448@gmail.com', 'r2', 'ZWXRcciM', 'Không', 'Hải Phòng', '2023-01-16 05:18:23', '0000-00-00 00:00:00'),
('SV045', 'Bích', 'Nguyễn Thị', 'bichnguyenthi311@gmail.com', 'r2', 'zZ2RTLtK', 'Phật giáo', 'Hải Phòng', '2023-01-16 05:18:23', '0000-00-00 00:00:00'),
('SV046', 'Châu', 'Lê Thị', 'chaulethi708@gmail.com', 'r2', 'L-pcLPJs', 'Không', 'Đà Nẵng', '2023-01-16 05:18:23', '0000-00-00 00:00:00'),
('SV047', 'Hạnh', 'Phạm Văn', 'hanhphamvan428@gmail.com', 'r2', '927-4D.j', 'Không', 'Cần Thơ', '2023-01-16 05:18:23', '0000-00-00 00:00:00'),
('SV048', 'Bằng', 'Hồ Thị', 'banghothi618@gmail.com', 'r2', '92hEGI2h', 'Tin lành', 'Bình Dương', '2023-01-16 05:18:23', '0000-00-00 00:00:00'),
('SV049', 'Cường', 'Phạm Văn', 'cuongphamvan782@gmail.com', 'r2', 'vvXLyTlH', 'Phật giáo', 'Nha Trang', '2023-01-16 05:18:23', '0000-00-00 00:00:00'),
('SV050', 'Hằng', 'Hồ Văn', 'hanghovan320@gmail.com', 'r2', 'DxQT1GZr', 'Tin lành', 'Huế', '2023-01-16 05:18:23', '0000-00-00 00:00:00'),
('SV051', 'Hưng', 'Phạm Văn', 'hungphamvan230@gmail.com', 'r2', 'VrgfSvDW', 'Không', 'Cần Thơ', '2023-01-16 05:18:23', '0000-00-00 00:00:00'),
('SV052', 'Bình', 'Trần Huy', 'binhtranhuy802@gmail.com', 'r2', 'fv17iGUm', 'Phật giáo', 'Huế', '2023-01-16 05:18:23', '0000-00-00 00:00:00'),
('SV053', 'Hương', 'Trần Huy', 'huongtranhuy116@gmail.com', 'r2', 'QE1iu-tr', 'Phật giáo', 'Bình Thuận', '2023-01-16 05:18:23', '0000-00-00 00:00:00'),
('SV054', 'Bình', 'Hồ Bảo', 'binhhobao931@gmail.com', 'r2', 'tDEfyWq0', 'Tin lành', 'Cần Thơ', '2023-01-16 05:18:23', '0000-00-00 00:00:00'),
('SV055', 'Phương', 'Phạm Văn', 'phuongphamvan461@gmail.com', 'r2', 'xTgftp.y', 'Không', 'Bình Thuận', '2023-01-16 05:18:23', '0000-00-00 00:00:00'),
('SV056', 'Hùng', 'Trần Thị', 'hungtranthi141@gmail.com', 'r2', 'ig47L1-J', 'Không', 'Hồ Chí Minh', '2023-01-16 05:18:23', '0000-00-00 00:00:00'),
('SV057', 'Hằng', 'Lê Thị', 'hanglethi613@gmail.com', 'r2', 'ds-uworv', 'Công giáo', 'Bình Dương', '2023-01-16 05:18:23', '0000-00-00 00:00:00'),
('SV058', 'Phương', 'Hồ Thị', 'phuonghothi522@gmail.com', 'r2', 'LT@2nz-j', 'Không', 'Vũng Tàu', '2023-01-16 05:18:23', '0000-00-00 00:00:00'),
('SV059', 'Hoa', 'Trần Huy', 'hoatranhuy995@gmail.com', 'r2', 'CMKfSQa5', 'Không', 'Huế', '2023-01-16 05:18:23', '0000-00-00 00:00:00'),
('SV060', 'Hương', 'Phạm Văn', 'huongphamvan116@gmail.com', 'r2', 'XVj.ENzA', 'Không', 'Vũng Tàu', '2023-01-16 05:18:23', '0000-00-00 00:00:00'),
('SV061', 'Phi', 'Phạm Thị', 'phiphamthi606@gmail.com', 'r2', 'U14Z3ZrL', 'Không', 'Hồ Chí Minh', '2023-01-16 05:18:23', '0000-00-00 00:00:00'),
('SV062', 'Hạnh', 'Nguyễn Ngọc', 'hanhnguyenngoc808@gmail.com', 'r2', 'D4XfEYbI', 'Công giáo', 'Bình Thuận', '2023-01-16 05:18:23', '0000-00-00 00:00:00'),
('SV063', 'Lan', 'Lê Thị', 'lanlethi928@gmail.com', 'r2', 'ActBviLx', 'Phật giáo', 'Huế', '2023-01-16 05:18:23', '0000-00-00 00:00:00'),
('SV064', 'Giang', 'Hồ Bảo', 'gianghobao759@gmail.com', 'r2', '21.ccXaF', 'Không', 'Hà Nội', '2023-01-16 05:18:23', '0000-00-00 00:00:00'),
('SV065', 'Bằng', 'Hồ Văn', 'banghovan724@gmail.com', 'r2', 'zLlp4Apy', 'Phật giáo', 'Vũng Tàu', '2023-01-16 05:18:23', '0000-00-00 00:00:00'),
('SV066', 'Anh', 'Lê Thị', 'anhlethi980@gmail.com', 'r2', 'vJMavAEL', 'Tin lành', 'Cần Thơ', '2023-01-16 05:18:23', '0000-00-00 00:00:00'),
('SV067', 'Bình', 'Nguyễn Văn', 'binhnguyenvan705@gmail.com', 'r2', 'R7S6JYbF', 'Hồi giáo', 'Hải Phòng', '2023-01-16 05:18:23', '0000-00-00 00:00:00'),
('SV068', 'Hương', 'Phạm Thị', 'huongphamthi595@gmail.com', 'r2', 'Tq5d-Tn5', 'Công giáo', 'Đà Nẵng', '2023-01-16 05:18:23', '0000-00-00 00:00:00'),
('SV069', 'Hưng', 'Phạm Văn', 'hungphamvan559@gmail.com', 'r2', 'm39epUeF', 'Không', 'Hải Phòng', '2023-01-16 05:18:23', '0000-00-00 00:00:00'),
('SV070', 'Cường', 'Phạm Thị', 'cuongphamthi435@gmail.com', 'r2', 'Jtzgv3Jm', 'Tin lành', 'Bình Dương', '2023-01-16 05:18:23', '0000-00-00 00:00:00'),
('SV071', 'Phương', 'Nguyễn Ngọc', 'phuongnguyenngoc430@gmail.com', 'r2', 'B9QC5Fb1', 'Tin \r\nlành', 'Vũng Tàu', '2023-01-16 05:18:23', '0000-00-00 00:00:00'),
('SV072', 'Hùng', 'Trần Huy', 'hungtranhuy510@gmail.com', 'r2', 'oZr7mSrj', 'Không', 'Đà Nẵng', '2023-01-16 05:18:23', '0000-00-00 00:00:00'),
('SV073', 'Huy', 'Nguyễn Văn', 'huynguyenvan251@gmail.com', 'r2', '98JDXP@Q', 'Không', 'Vũng Tàu', '2023-01-16 05:18:23', '0000-00-00 00:00:00'),
('SV074', 'Vy', 'Lê Văn', 'vylevan437@gmail.com', 'r2', '-9AUaND-', 'Không', 'Đà Nẵng', '2023-01-16 05:18:23', '0000-00-00 00:00:00'),
('SV075', 'Cường', 'Trần Văn', 'cuongtranvan289@gmail.com', 'r2', '28C2ALwg', 'Công giáo', 'Bình Dương', '2023-01-16 05:18:23', '0000-00-00 00:00:00'),
('SV076', 'Hương', 'Phạm Văn', 'huongphamvan341@gmail.com', 'r2', 'ofiHwMrO', 'Hồi giáo', 'Hồ Chí Minh', '2023-01-16 05:18:23', '0000-00-00 00:00:00'),
('SV077', 'Hương', 'Hồ Bảo', 'huonghobao929@gmail.com', 'r2', 'P@uOVCUl', 'Không', 'Hải Phòng', '2023-01-16 05:18:23', '0000-00-00 00:00:00'),
('SV078', 'Huy', 'Trần Huy', 'huytranhuy487@gmail.com', 'r2', 'TJGRqprs', 'Không', 'Vũng Tàu', '2023-01-16 05:18:23', '0000-00-00 00:00:00'),
('SV079', 'Hạnh', 'Nguyễn Khánh', 'hanhnguyenkhanh966@gmail.com', 'r2', 'D@TABam8', 'Công giáo', 'Huế', '2023-01-16 05:18:23', '0000-00-00 00:00:00'),
('SV080', 'Bình', 'Lê Văn', 'binhlevan230@gmail.com', 'r2', 'BJhNpHyb', 'Không', 'Huế', '2023-01-16 05:18:23', '0000-00-00 00:00:00'),
('SV081', 'Hiệu', 'Lê Văn', 'hieulevan987@gmail.com', 'r2', 'i1JT-7nm', 'Không', 'Đà Nẵng', '2023-01-16 05:18:23', '0000-00-00 00:00:00'),
('SV082', 'Quân', 'Lê Văn', 'quanlevan818@gmail.com', 'r2', 'Y59KijBN', 'Hồi giáo', 'Cần Thơ', '2023-01-16 05:18:23', '0000-00-00 00:00:00'),
('SV083', 'Hằng', 'Phạm Thị', 'hangphamthi247@gmail.com', 'r2', 'V9VFNIJZ', 'Tin lành', 'Đà Nẵng', '2023-01-16 05:18:23', '0000-00-00 00:00:00'),
('SV084', 'Hùng', 'Lê Văn', 'hunglevan964@gmail.com', 'r2', 'rccmo8Ii', 'Công giáo', 'Hải Phòng', '2023-01-16 05:18:23', '0000-00-00 00:00:00'),
('SV085', 'Hiệu', 'Hồ Thị', 'hieuhothi505@gmail.com', 'r2', 'b7eALfX1', 'Công giáo', 'Hải Phòng', '2023-01-16 05:18:23', '0000-00-00 00:00:00'),
('SV086', 'An', 'Hồ Bảo', 'anhobao777@gmail.com', 'r2', '8F7Ajs0G', 'Tin lành', 'Huế', '2023-01-16 05:18:23', '0000-00-00 00:00:00'),
('SV087', 'Hiệu', 'Nguyễn Ngọc', 'hieunguyenngoc653@gmail.com', 'r2', 'V9xWZGto', 'Tin lành', 'Đà Nẵng', '2023-01-16 05:18:23', '0000-00-00 00:00:00'),
('SV088', 'Phi', 'Phạm Văn', 'phiphamvan306@gmail.com', 'r2', '7sMbUc31', 'Tin lành', 'Hà Nội', '2023-01-16 05:18:23', '0000-00-00 00:00:00'),
('SV089', 'Bình', 'Lê Thị', 'binhlethi924@gmail.com', 'r2', 'YakHFAfL', 'Tin lành', 'Hải Phòng', '2023-01-16 05:18:23', '0000-00-00 00:00:00'),
('SV090', 'Chi', 'Hồ Văn', 'chihovan304@gmail.com', 'r2', 'vxLNJAyw', 'Không', 'Cần Thơ', '2023-01-16 05:18:23', '0000-00-00 00:00:00'),
('SV091', 'Phi', 'Hồ Bảo', 'phihobao676@gmail.com', 'r2', '8sU-HeDz', 'Hồi giáo', 'Vũng Tàu', '2023-01-16 05:18:23', '0000-00-00 00:00:00'),
('SV092', 'An', 'Trần Thị', 'antranthi118@gmail.com', 'r2', 'T.nJyhxb', 'Tin lành', 'Hồ Chí Minh', '2023-01-16 05:18:23', '0000-00-00 00:00:00'),
('SV093', 'Quân', 'Nguyễn Văn', 'quannguyenvan333@gmail.com', 'r2', '.9xX80Kr', 'Không', 'Hải Phòng', '2023-01-16 05:18:23', '0000-00-00 00:00:00'),
('SV094', 'Huy', 'Lê Văn', 'huylevan609@gmail.com', 'r2', 'JOVTVGDR', 'Không', 'Bình Dương', '2023-01-16 05:18:23', '0000-00-00 00:00:00'),
('SV095', 'Hưng', 'Trần Huy', 'hungtranhuy768@gmail.com', 'r2', '3CJ@0o9F', 'Công giáo', 'Huế', '2023-01-16 05:18:23', '0000-00-00 00:00:00'),
('SV096', 'Hằng', 'Lê Thị', 'hanglethi308@gmail.com', 'r2', 'l7fbv1mM', 'Phật giáo', 'Bình Dương', '2023-01-16 05:18:23', '0000-00-00 00:00:00'),
('SV097', 'Hạnh', 'Trần Huy', 'hanhtranhuy794@gmail.com', 'r2', 'NCAfjaAa', 'Hồi giáo', 'Bình Thuận', '2023-01-16 05:18:23', '0000-00-00 00:00:00'),
('SV098', 'Bích', 'Nguyễn Khánh', 'bichnguyenkhanh717@gmail.com', 'r2', 'wP6BlcQL', 'Công giáo', 'Hải Phòng', '2023-01-16 05:18:23', '0000-00-00 00:00:00'),
('SV099', 'Hải', 'Nguyễn Thị', 'hainguyenthi125@gmail.com', 'r2', 'Rmz-KooK', 'Không', 'Huế', '2023-01-16 05:18:23', '0000-00-00 00:00:00');

--
-- Chỉ mục cho các bảng đã đổ
--

--
-- Chỉ mục cho bảng `mark`
--
ALTER TABLE `mark`
  ADD PRIMARY KEY (`ID`),
  ADD KEY `user_id` (`user_id`),
  ADD KEY `subject_id` (`subject_id`);

--
-- Chỉ mục cho bảng `role`
--
ALTER TABLE `role`
  ADD PRIMARY KEY (`ID`);

--
-- Chỉ mục cho bảng `subject`
--
ALTER TABLE `subject`
  ADD PRIMARY KEY (`ID`);

--
-- Chỉ mục cho bảng `user`
--
ALTER TABLE `user`
  ADD PRIMARY KEY (`ID`),
  ADD UNIQUE KEY `email` (`email`),
  ADD KEY `role_id` (`role_id`);

--
-- Các ràng buộc cho các bảng đã đổ
--

--
-- Các ràng buộc cho bảng `mark`
--
ALTER TABLE `mark`
  ADD CONSTRAINT `subject_id` FOREIGN KEY (`subject_id`) REFERENCES `subject` (`ID`) ON DELETE CASCADE ON UPDATE CASCADE,
  ADD CONSTRAINT `user_id` FOREIGN KEY (`user_id`) REFERENCES `user` (`ID`) ON DELETE CASCADE ON UPDATE CASCADE;

--
-- Các ràng buộc cho bảng `user`
--
ALTER TABLE `user`
  ADD CONSTRAINT `role_id` FOREIGN KEY (`role_id`) REFERENCES `role` (`ID`) ON DELETE CASCADE ON UPDATE CASCADE;
COMMIT;

/*!40101 SET CHARACTER_SET_CLIENT=@OLD_CHARACTER_SET_CLIENT */;
/*!40101 SET CHARACTER_SET_RESULTS=@OLD_CHARACTER_SET_RESULTS */;
/*!40101 SET COLLATION_CONNECTION=@OLD_COLLATION_CONNECTION */;
