-- phpMyAdmin SQL Dump
-- version 5.2.0
-- https://www.phpmyadmin.net/
--
-- Máy chủ: 127.0.0.1
-- Thời gian đã tạo: Th1 18, 2023 lúc 12:14 PM
-- Phiên bản máy phục vụ: 10.4.24-MariaDB
-- Phiên bản PHP: 8.1.6

SET SQL_MODE = "NO_AUTO_VALUE_ON_ZERO";
START TRANSACTION;
SET time_zone = "+00:00";


/*!40101 SET @OLD_CHARACTER_SET_CLIENT=@@CHARACTER_SET_CLIENT */;
/*!40101 SET @OLD_CHARACTER_SET_RESULTS=@@CHARACTER_SET_RESULTS */;
/*!40101 SET @OLD_COLLATION_CONNECTION=@@COLLATION_CONNECTION */;
/*!40101 SET NAMES utf8mb4 */;

--
-- Cơ sở dữ liệu: `final1`
--

-- --------------------------------------------------------

--
-- Cấu trúc bảng cho bảng `mark`
--

CREATE TABLE `mark` (
  `ID` varchar(50) NOT NULL,
  `subject_id` varchar(50) NOT NULL,
  `user_id` varchar(50) NOT NULL,
  `homework_mark` double DEFAULT NULL,
  `midtern_mark` double DEFAULT NULL,
  `final_mark` double DEFAULT NULL,
  `year` year(4) NOT NULL DEFAULT 2023,
  `create_at` datetime NOT NULL DEFAULT current_timestamp(),
  `update_at` datetime NOT NULL DEFAULT '0000-00-00 00:00:00' ON UPDATE current_timestamp()
) ENGINE=InnoDB DEFAULT CHARSET=utf8mb4;

--
-- Đang đổ dữ liệu cho bảng `mark`
--

INSERT INTO `mark` (`ID`, `subject_id`, `user_id`, `homework_mark`, `midtern_mark`, `final_mark`, `year`, `create_at`, `update_at`) VALUES
('CL000002', 'MH07', 'SV007', 6, 4, 0, 2023, '2023-01-16 20:46:07', '0000-00-00 00:00:00'),
('CL000003', 'MH08', 'SV042', 0, 1, 3, 2022, '2023-01-16 20:46:07', '0000-00-00 00:00:00'),
('CL000004', 'MH06', 'SV030', 6, 7, 4, 2021, '2023-01-16 20:46:07', '0000-00-00 00:00:00'),
('CL000005', 'MH02', 'SV062', 6, 5, 6, 2023, '2023-01-16 20:46:07', '0000-00-00 00:00:00'),
('CL000006', 'MH05', 'SV090', 3, 1, 9, 2022, '2023-01-16 20:46:07', '0000-00-00 00:00:00'),
('CL000007', 'MH04', 'SV024', 10, 10, 5, 2021, '2023-01-16 20:46:07', '0000-00-00 00:00:00'),
('CL000008', 'MH09', 'SV049', 6, 4, 4, 2023, '2023-01-16 20:46:07', '0000-00-00 00:00:00'),
('CL000009', 'MH01', 'SV089', 10, 10, 10, 2023, '2023-01-16 20:46:07', '2023-01-16 22:50:06'),
('CL000010', 'MH09', 'SV074', 10, 9, 10, 2020, '2023-01-16 20:46:07', '0000-00-00 00:00:00'),
('CL000011', 'MH02', 'SV022', 3, 9, 0, 2023, '2023-01-16 20:46:07', '0000-00-00 00:00:00'),
('CL000012', 'MH03', 'SV087', 0, 10, 2, 2023, '2023-01-16 20:46:07', '0000-00-00 00:00:00'),
('CL000013', 'MH07', 'SV012', 4, 9, 0, 2021, '2023-01-16 20:46:07', '0000-00-00 00:00:00'),
('CL000014', 'MH09', 'SV096', 6, 1, 3, 2022, '2023-01-16 20:46:07', '0000-00-00 00:00:00'),
('CL000015', 'MH09', 'SV072', 8, 1, 4, 2021, '2023-01-16 20:46:07', '0000-00-00 00:00:00'),
('CL000016', 'MH08', 'SV054', 9, 8, 0, 2020, '2023-01-16 20:46:07', '0000-00-00 00:00:00'),
('CL000017', 'MH03', 'SV093', 10, 9, 4, 2023, '2023-01-16 20:46:07', '0000-00-00 00:00:00'),
('CL000018', 'MH09', 'SV014', 2, 0, 6, 2020, '2023-01-16 20:46:07', '0000-00-00 00:00:00'),
('CL000019', 'MH06', 'SV005', 6, 9, 5, 2022, '2023-01-16 20:46:07', '0000-00-00 00:00:00'),
('CL000020', 'MH07', 'SV001', 7, 7, 4, 2023, '2023-01-16 20:46:07', '0000-00-00 00:00:00'),
('CL000021', 'MH09', 'SV002', 4, 6, 5, 2020, '2023-01-16 20:46:07', '0000-00-00 00:00:00'),
('CL000022', 'MH02', 'SV065', 4, 4, 5, 2022, '2023-01-16 20:46:07', '0000-00-00 00:00:00'),
('CL000023', 'MH02', 'SV032', 5, 7, 1, 2023, '2023-01-16 20:46:07', '0000-00-00 00:00:00'),
('CL000024', 'MH05', 'SV043', 5, 8, 10, 2021, '2023-01-16 20:46:07', '0000-00-00 00:00:00'),
('CL000025', 'MH05', 'SV007', 2, 4, 9, 2022, '2023-01-16 20:46:07', '0000-00-00 00:00:00'),
('CL000026', 'MH07', 'SV022', 1, 6, 0, 2021, '2023-01-16 20:46:07', '0000-00-00 00:00:00'),
('CL000027', 'MH06', 'SV096', 1, 3, 1, 2023, '2023-01-16 20:46:07', '0000-00-00 00:00:00'),
('CL000028', 'MH03', 'SV073', 10, 10, 3, 2020, '2023-01-16 20:46:07', '0000-00-00 00:00:00'),
('CL000029', 'MH01', 'SV009', 9, 4, 10, 2021, '2023-01-16 20:46:07', '0000-00-00 00:00:00'),
('CL000030', 'MH09', 'SV012', 8, 9, 3, 2020, '2023-01-16 20:46:07', '0000-00-00 00:00:00'),
('CL000031', 'MH06', 'SV064', 0, 7, 7, 2022, '2023-01-16 20:46:07', '0000-00-00 00:00:00'),
('CL000032', 'MH06', 'SV072', 8, 1, 3, 2020, '2023-01-16 20:46:07', '0000-00-00 00:00:00'),
('CL000033', 'MH01', 'SV032', 7, 4, 0, 2022, '2023-01-16 20:46:07', '0000-00-00 00:00:00'),
('CL000034', 'MH08', 'SV099', 1, 10, 6, 2020, '2023-01-16 20:46:07', '0000-00-00 00:00:00'),
('CL000035', 'MH04', 'SV083', 7, 1, 1, 2021, '2023-01-16 20:46:07', '0000-00-00 00:00:00'),
('CL000036', 'MH02', 'SV042', 5, 0, 10, 2023, '2023-01-16 20:46:07', '0000-00-00 00:00:00'),
('CL000037', 'MH07', 'SV018', 1, 6, 10, 2022, '2023-01-16 20:46:07', '0000-00-00 00:00:00'),
('CL000038', 'MH09', 'SV050', 3, 4, 3, 2022, '2023-01-16 20:46:07', '0000-00-00 00:00:00'),
('CL000039', 'MH06', 'SV076', 7, 0, 1, 2023, '2023-01-16 20:46:07', '0000-00-00 00:00:00'),
('CL000040', 'MH07', 'SV077', 10, 4, 8, 2022, '2023-01-16 20:46:07', '0000-00-00 00:00:00'),
('CL000041', 'MH09', 'SV087', 8, 6, 7, 2021, '2023-01-16 20:46:07', '0000-00-00 00:00:00'),
('CL000042', 'MH03', 'SV044', 10, 5, 2, 2020, '2023-01-16 20:46:07', '0000-00-00 00:00:00'),
('CL000043', 'MH04', 'SV083', 7, 6, 1, 2023, '2023-01-16 20:46:07', '0000-00-00 00:00:00'),
('CL000044', 'MH02', 'SV057', 0, 4, 10, 2020, '2023-01-16 20:46:07', '0000-00-00 00:00:00'),
('CL000045', 'MH02', 'SV094', 8, 9, 3, 2022, '2023-01-16 20:46:07', '0000-00-00 00:00:00'),
('CL000046', 'MH02', 'SV019', 8, 8, 8, 2021, '2023-01-16 20:46:07', '0000-00-00 00:00:00'),
('CL000047', 'MH05', 'SV067', 3, 1, 9, 2020, '2023-01-16 20:46:07', '0000-00-00 00:00:00'),
('CL000048', 'MH09', 'SV093', 10, 1, 7, 2020, '2023-01-16 20:46:07', '0000-00-00 00:00:00'),
('CL000049', 'MH04', 'SV046', 5, 1, 3, 2022, '2023-01-16 20:46:07', '0000-00-00 00:00:00'),
('CL000050', 'MH08', 'SV045', 5, 10, 3, 2022, '2023-01-16 20:46:07', '0000-00-00 00:00:00'),
('CL000051', 'MH04', 'SV018', 10, 9, 3, 2023, '2023-01-16 20:46:07', '0000-00-00 00:00:00'),
('CL000052', 'MH08', 'SV010', 1, 2, 4, 2023, '2023-01-16 20:46:07', '0000-00-00 00:00:00'),
('CL000053', 'MH08', 'SV016', 10, 3, 5, 2020, '2023-01-16 20:46:07', '0000-00-00 00:00:00'),
('CL000054', 'MH08', 'SV034', 6, 0, 5, 2023, '2023-01-16 20:46:07', '0000-00-00 00:00:00'),
('CL000055', 'MH06', 'SV054', 2, 7, 0, 2022, '2023-01-16 20:46:07', '0000-00-00 00:00:00'),
('CL000056', 'MH05', 'SV001', 1, 7, 9, 2022, '2023-01-16 20:46:07', '0000-00-00 00:00:00'),
('CL000057', 'MH05', 'SV050', 3, 8, 6, 2022, '2023-01-16 20:46:07', '0000-00-00 00:00:00'),
('CL000058', 'MH05', 'SV058', 4, 2, 8, 2022, '2023-01-16 20:46:07', '0000-00-00 00:00:00'),
('CL000059', 'MH02', 'SV063', 5, 9, 7, 2023, '2023-01-16 20:46:07', '0000-00-00 00:00:00'),
('CL000060', 'MH08', 'SV084', 6, 8, 1, 2021, '2023-01-16 20:46:07', '0000-00-00 00:00:00'),
('CL000061', 'MH03', 'SV016', 8, 10, 2, 2023, '2023-01-16 20:46:07', '0000-00-00 00:00:00'),
('CL000062', 'MH03', 'SV012', 6, 7, 7, 2022, '2023-01-16 20:46:07', '0000-00-00 00:00:00'),
('CL000063', 'MH08', 'SV064', 4, 2, 4, 2023, '2023-01-16 20:46:07', '0000-00-00 00:00:00'),
('CL000064', 'MH09', 'SV055', 0, 3, 5, 2021, '2023-01-16 20:46:07', '0000-00-00 00:00:00'),
('CL000065', 'MH03', 'SV005', 4, 4, 5, 2022, '2023-01-16 20:46:07', '0000-00-00 00:00:00'),
('CL000066', 'MH01', 'SV082', 9, 9, 9, 2020, '2023-01-16 20:46:07', '0000-00-00 00:00:00'),
('CL000067', 'MH03', 'SV070', 3, 2, 8, 2020, '2023-01-16 20:46:07', '0000-00-00 00:00:00'),
('CL000068', 'MH05', 'SV074', 0, 10, 1, 2021, '2023-01-16 20:46:07', '0000-00-00 00:00:00'),
('CL000069', 'MH04', 'SV013', 0, 3, 8, 2021, '2023-01-16 20:46:07', '0000-00-00 00:00:00'),
('CL000070', 'MH03', 'SV084', 9, 10, 8, 2020, '2023-01-16 20:46:07', '0000-00-00 00:00:00'),
('CL000071', 'MH03', 'SV012', 6, 3, 1, 2023, '2023-01-16 20:46:07', '0000-00-00 00:00:00'),
('CL000072', 'MH08', 'SV035', 3, 10, 6, 2021, '2023-01-16 20:46:07', '0000-00-00 00:00:00'),
('CL000073', 'MH05', 'SV063', 8, 8, 5, 2023, '2023-01-16 20:46:07', '0000-00-00 00:00:00'),
('CL000074', 'MH09', 'SV074', 0, 9, 8, 2021, '2023-01-16 20:46:07', '0000-00-00 00:00:00'),
('CL000075', 'MH08', 'SV055', 2, 9, 5, 2023, '2023-01-16 20:46:07', '0000-00-00 00:00:00'),
('CL000076', 'MH06', 'SV024', 8, 0, 1, 2020, '2023-01-16 20:46:07', '0000-00-00 00:00:00'),
('CL000077', 'MH05', 'SV036', 0, 2, 2, 2020, '2023-01-16 20:46:07', '0000-00-00 00:00:00'),
('CL000078', 'MH02', 'SV099', 3, 5, 7, 2020, '2023-01-16 20:46:07', '0000-00-00 00:00:00'),
('CL000079', 'MH03', 'SV090', 2, 6, 0, 2020, '2023-01-16 20:46:07', '0000-00-00 00:00:00'),
('CL000080', 'MH06', 'SV007', 6, 5, 4, 2023, '2023-01-16 20:46:07', '0000-00-00 00:00:00'),
('CL000081', 'MH07', 'SV056', 8, 2, 5, 2023, '2023-01-16 20:46:07', '0000-00-00 00:00:00'),
('CL000082', 'MH06', 'SV002', 9, 5, 6, 2023, '2023-01-16 20:46:07', '0000-00-00 00:00:00'),
('CL000083', 'MH01', 'SV027', 2, 10, 2, 2022, '2023-01-16 20:46:07', '0000-00-00 00:00:00'),
('CL000084', 'MH01', 'SV052', 6, 9, 6, 2022, '2023-01-16 20:46:07', '0000-00-00 00:00:00'),
('CL000085', 'MH01', 'SV031', 0, 7, 3, 2020, '2023-01-16 20:46:07', '0000-00-00 00:00:00'),
('CL000086', 'MH02', 'SV008', 2, 5, 10, 2021, '2023-01-16 20:46:07', '0000-00-00 00:00:00'),
('CL000087', 'MH01', 'SV063', 8, 5, 8, 2020, '2023-01-16 20:46:07', '0000-00-00 00:00:00'),
('CL000088', 'MH01', 'SV049', 3, 7, 4, 2022, '2023-01-16 20:46:07', '0000-00-00 00:00:00'),
('CL000089', 'MH08', 'SV050', 10, 10, 5, 2020, '2023-01-16 20:46:07', '0000-00-00 00:00:00'),
('CL000090', 'MH07', 'SV094', 7, 1, 10, 2021, '2023-01-16 20:46:07', '0000-00-00 00:00:00'),
('CL000091', 'MH09', 'SV097', 10, 3, 6, 2023, '2023-01-16 20:46:07', '0000-00-00 00:00:00'),
('CL000092', 'MH03', 'SV044', 9, 4, 1, 2020, '2023-01-16 20:46:07', '0000-00-00 00:00:00'),
('CL000093', 'MH01', 'SV045', 2, 2, 0, 2020, '2023-01-16 20:46:07', '0000-00-00 00:00:00'),
('CL000094', 'MH02', 'SV054', 10, 1, 10, 2023, '2023-01-16 20:46:07', '0000-00-00 00:00:00'),
('CL000095', 'MH02', 'SV030', 6, 0, 7, 2021, '2023-01-16 20:46:07', '0000-00-00 00:00:00'),
('CL000096', 'MH06', 'SV027', 9, 0, 8, 2022, '2023-01-16 20:46:07', '0000-00-00 00:00:00'),
('CL000097', 'MH02', 'SV064', 10, 9, 8, 2020, '2023-01-16 20:46:07', '0000-00-00 00:00:00'),
('CL000098', 'MH07', 'SV060', 1, 7, 4, 2023, '2023-01-16 20:46:07', '0000-00-00 00:00:00'),
('CL000099', 'MH08', 'SV070', 0, 0, 9, 2022, '2023-01-16 20:46:07', '0000-00-00 00:00:00'),
('CL000100', 'MH06', 'SV037', 2, 0, 2, 2022, '2023-01-16 20:46:07', '0000-00-00 00:00:00'),
('CL000101', 'MH01', 'SV036', 8, 4, 6, 2020, '2023-01-16 20:46:07', '0000-00-00 00:00:00'),
('CL000102', 'MH08', 'SV052', 10, 7, 5, 2021, '2023-01-16 20:46:07', '0000-00-00 00:00:00'),
('CL000103', 'MH03', 'SV057', 8, 10, 4, 2022, '2023-01-16 20:46:07', '0000-00-00 00:00:00'),
('CL000104', 'MH08', 'SV015', 8, 8, 10, 2022, '2023-01-16 20:46:07', '0000-00-00 00:00:00'),
('CL000105', 'MH01', 'SV031', 9, 9, 10, 2021, '2023-01-16 20:46:07', '0000-00-00 00:00:00'),
('CL000106', 'MH09', 'SV097', 9, 5, 7, 2020, '2023-01-16 20:46:07', '0000-00-00 00:00:00'),
('CL000107', 'MH08', 'SV081', 3, 1, 8, 2020, '2023-01-16 20:46:07', '0000-00-00 00:00:00'),
('CL000108', 'MH01', 'SV066', 2, 3, 10, 2021, '2023-01-16 20:46:07', '0000-00-00 00:00:00'),
('CL000109', 'MH06', 'SV042', 5, 0, 10, 2022, '2023-01-16 20:46:07', '0000-00-00 00:00:00'),
('CL000110', 'MH08', 'SV074', 7, 9, 3, 2021, '2023-01-16 20:46:07', '0000-00-00 00:00:00'),
('CL000111', 'MH04', 'SV098', 8, 9, 2, 2020, '2023-01-16 20:46:07', '0000-00-00 00:00:00'),
('CL000112', 'MH01', 'SV075', 9, 1, 10, 2022, '2023-01-16 20:46:07', '0000-00-00 00:00:00'),
('CL000113', 'MH01', 'SV030', 1, 6, 1, 2022, '2023-01-16 20:46:07', '0000-00-00 00:00:00'),
('CL000114', 'MH09', 'SV017', 5, 8, 1, 2023, '2023-01-16 20:46:07', '0000-00-00 00:00:00'),
('CL000115', 'MH08', 'SV037', 4, 4, 0, 2021, '2023-01-16 20:46:07', '0000-00-00 00:00:00'),
('CL000116', 'MH06', 'SV064', 6, 4, 1, 2021, '2023-01-16 20:46:07', '0000-00-00 00:00:00'),
('CL000117', 'MH02', 'SV009', 9, 4, 8, 2022, '2023-01-16 20:46:07', '0000-00-00 00:00:00'),
('CL000118', 'MH08', 'SV073', 2, 5, 5, 2023, '2023-01-16 20:46:07', '0000-00-00 00:00:00'),
('CL000119', 'MH08', 'SV049', 5, 7, 0, 2022, '2023-01-16 20:46:07', '0000-00-00 00:00:00'),
('CL000120', 'MH03', 'SV053', 0, 7, 9, 2023, '2023-01-16 20:46:07', '0000-00-00 00:00:00'),
('CL000121', 'MH09', 'SV014', 4, 0, 6, 2021, '2023-01-16 20:46:07', '0000-00-00 00:00:00'),
('CL000122', 'MH04', 'SV007', 9, 2, 8, 2023, '2023-01-16 20:46:07', '0000-00-00 00:00:00'),
('CL000123', 'MH05', 'SV032', 5, 9, 4, 2021, '2023-01-16 20:46:07', '0000-00-00 00:00:00'),
('CL000124', 'MH05', 'SV087', 4, 5, 8, 2023, '2023-01-16 20:46:07', '0000-00-00 00:00:00'),
('CL000125', 'MH09', 'SV020', 0, 5, 2, 2021, '2023-01-16 20:46:07', '0000-00-00 00:00:00'),
('CL000126', 'MH04', 'SV090', 1, 3, 4, 2021, '2023-01-16 20:46:07', '0000-00-00 00:00:00'),
('CL000127', 'MH08', 'SV070', 2, 4, 10, 2021, '2023-01-16 20:46:07', '0000-00-00 00:00:00'),
('CL000128', 'MH03', 'SV088', 9, 9, 1, 2020, '2023-01-16 20:46:07', '0000-00-00 00:00:00'),
('CL000129', 'MH05', 'SV044', 2, 10, 6, 2020, '2023-01-16 20:46:07', '0000-00-00 00:00:00'),
('CL000130', 'MH08', 'SV011', 4, 9, 4, 2022, '2023-01-16 20:46:07', '0000-00-00 00:00:00'),
('CL000131', 'MH06', 'SV065', 8, 5, 10, 2021, '2023-01-16 20:46:07', '0000-00-00 00:00:00'),
('CL000132', 'MH09', 'SV075', 7, 0, 5, 2022, '2023-01-16 20:46:07', '0000-00-00 00:00:00'),
('CL000133', 'MH02', 'SV013', 8, 8, 10, 2023, '2023-01-16 20:46:07', '0000-00-00 00:00:00'),
('CL000134', 'MH06', 'SV081', 6, 6, 1, 2020, '2023-01-16 20:46:07', '0000-00-00 00:00:00'),
('CL000135', 'MH07', 'SV077', 8, 1, 5, 2023, '2023-01-16 20:46:07', '0000-00-00 00:00:00'),
('CL000136', 'MH03', 'SV083', 10, 5, 0, 2021, '2023-01-16 20:46:07', '0000-00-00 00:00:00'),
('CL000137', 'MH03', 'SV041', 6, 9, 6, 2020, '2023-01-16 20:46:07', '0000-00-00 00:00:00'),
('CL000138', 'MH01', 'SV033', 2, 7, 3, 2021, '2023-01-16 20:46:07', '0000-00-00 00:00:00'),
('CL000139', 'MH07', 'SV036', 4, 4, 8, 2021, '2023-01-16 20:46:07', '0000-00-00 00:00:00'),
('CL000140', 'MH08', 'SV035', 3, 9, 0, 2023, '2023-01-16 20:46:07', '0000-00-00 00:00:00'),
('CL000141', 'MH09', 'SV089', 8, 6, 9, 2020, '2023-01-16 20:46:07', '0000-00-00 00:00:00'),
('CL000142', 'MH02', 'SV019', 10, 4, 8, 2021, '2023-01-16 20:46:07', '0000-00-00 00:00:00'),
('CL000143', 'MH08', 'SV052', 0, 7, 0, 2021, '2023-01-16 20:46:07', '0000-00-00 00:00:00'),
('CL000144', 'MH03', 'SV018', 2, 5, 6, 2021, '2023-01-16 20:46:07', '0000-00-00 00:00:00'),
('CL000145', 'MH01', 'SV085', 10, 10, 10, 2023, '2023-01-16 20:46:07', '2023-01-16 22:50:06'),
('CL000146', 'MH06', 'SV049', 7, 7, 5, 2021, '2023-01-16 20:46:07', '0000-00-00 00:00:00'),
('CL000147', 'MH09', 'SV016', 10, 4, 5, 2020, '2023-01-16 20:46:07', '0000-00-00 00:00:00'),
('CL000148', 'MH05', 'SV003', 8, 0, 10, 2023, '2023-01-16 20:46:07', '0000-00-00 00:00:00'),
('CL000149', 'MH03', 'SV013', 4, 1, 2, 2020, '2023-01-16 20:46:07', '0000-00-00 00:00:00'),
('CL000150', 'MH08', 'SV055', 4, 1, 10, 2022, '2023-01-16 20:46:07', '0000-00-00 00:00:00'),
('CL000151', 'MH09', 'SV040', 4, 5, 6, 2021, '2023-01-16 20:46:07', '0000-00-00 00:00:00'),
('CL000152', 'MH01', 'SV065', 2, 10, 7, 2021, '2023-01-16 20:46:07', '0000-00-00 00:00:00'),
('CL000153', 'MH04', 'SV025', 3, 1, 10, 2021, '2023-01-16 20:46:07', '0000-00-00 00:00:00'),
('CL000154', 'MH07', 'SV080', 5, 4, 10, 2023, '2023-01-16 20:46:07', '0000-00-00 00:00:00'),
('CL000155', 'MH07', 'SV094', 2, 10, 3, 2021, '2023-01-16 20:46:07', '0000-00-00 00:00:00'),
('CL000156', 'MH06', 'SV041', 2, 5, 1, 2022, '2023-01-16 20:46:07', '0000-00-00 00:00:00'),
('CL000157', 'MH06', 'SV010', 9, 9, 6, 2023, '2023-01-16 20:46:07', '0000-00-00 00:00:00'),
('CL000158', 'MH07', 'SV012', 10, 5, 7, 2021, '2023-01-16 20:46:07', '0000-00-00 00:00:00'),
('CL000159', 'MH08', 'SV081', 9, 8, 5, 2020, '2023-01-16 20:46:07', '0000-00-00 00:00:00'),
('CL000160', 'MH09', 'SV075', 1, 5, 7, 2023, '2023-01-16 20:46:07', '0000-00-00 00:00:00'),
('CL000161', 'MH06', 'SV061', 7, 9, 8, 2023, '2023-01-16 20:46:07', '0000-00-00 00:00:00'),
('CL000162', 'MH03', 'SV080', 8, 6, 9, 2023, '2023-01-16 20:46:07', '0000-00-00 00:00:00'),
('CL000163', 'MH08', 'SV009', 5, 4, 10, 2020, '2023-01-16 20:46:07', '0000-00-00 00:00:00'),
('CL000164', 'MH04', 'SV020', 0, 6, 10, 2022, '2023-01-16 20:46:07', '0000-00-00 00:00:00'),
('CL000165', 'MH04', 'SV063', 4, 4, 0, 2022, '2023-01-16 20:46:07', '0000-00-00 00:00:00'),
('CL000166', 'MH02', 'SV043', 2, 8, 9, 2023, '2023-01-16 20:46:07', '0000-00-00 00:00:00'),
('CL000167', 'MH02', 'SV027', 6, 8, 5, 2022, '2023-01-16 20:46:07', '0000-00-00 00:00:00'),
('CL000168', 'MH09', 'SV091', 6, 6, 2, 2023, '2023-01-16 20:46:07', '0000-00-00 00:00:00'),
('CL000169', 'MH04', 'SV027', 9, 4, 6, 2023, '2023-01-16 20:46:07', '0000-00-00 00:00:00'),
('CL000170', 'MH04', 'SV026', 10, 2, 9, 2020, '2023-01-16 20:46:07', '0000-00-00 00:00:00'),
('CL000171', 'MH07', 'SV075', 1, 10, 8, 2020, '2023-01-16 20:46:07', '0000-00-00 00:00:00'),
('CL000172', 'MH01', 'SV004', 8, 2, 4, 2021, '2023-01-16 20:46:07', '0000-00-00 00:00:00'),
('CL000173', 'MH04', 'SV059', 5, 0, 7, 2022, '2023-01-16 20:46:07', '0000-00-00 00:00:00'),
('CL000174', 'MH01', 'SV078', 6, 7, 3, 2022, '2023-01-16 20:46:07', '0000-00-00 00:00:00'),
('CL000175', 'MH08', 'SV099', 0, 10, 3, 2020, '2023-01-16 20:46:07', '0000-00-00 00:00:00'),
('CL000176', 'MH02', 'SV046', 10, 10, 0, 2023, '2023-01-16 20:46:07', '0000-00-00 00:00:00'),
('CL000177', 'MH05', 'SV044', 5, 3, 8, 2021, '2023-01-16 20:46:07', '0000-00-00 00:00:00'),
('CL000178', 'MH09', 'SV033', 2, 3, 0, 2020, '2023-01-16 20:46:07', '0000-00-00 00:00:00'),
('CL000179', 'MH05', 'SV077', 8, 10, 2, 2023, '2023-01-16 20:46:07', '0000-00-00 00:00:00'),
('CL000180', 'MH05', 'SV004', 5, 1, 8, 2020, '2023-01-16 20:46:07', '0000-00-00 00:00:00'),
('CL000181', 'MH04', 'SV092', 1, 4, 0, 2022, '2023-01-16 20:46:07', '0000-00-00 00:00:00'),
('CL000182', 'MH05', 'SV004', 6, 10, 7, 2020, '2023-01-16 20:46:07', '0000-00-00 00:00:00'),
('CL000183', 'MH07', 'SV085', 5, 3, 6, 2021, '2023-01-16 20:46:07', '0000-00-00 00:00:00'),
('CL000184', 'MH09', 'SV009', 0, 4, 1, 2022, '2023-01-16 20:46:07', '0000-00-00 00:00:00'),
('CL000185', 'MH03', 'SV082', 0, 3, 3, 2022, '2023-01-16 20:46:07', '0000-00-00 00:00:00'),
('CL000186', 'MH07', 'SV017', 0, 8, 8, 2020, '2023-01-16 20:46:07', '0000-00-00 00:00:00'),
('CL000187', 'MH02', 'SV015', 2, 3, 0, 2023, '2023-01-16 20:46:07', '0000-00-00 00:00:00'),
('CL000188', 'MH09', 'SV016', 8, 0, 0, 2020, '2023-01-16 20:46:07', '0000-00-00 00:00:00'),
('CL000189', 'MH04', 'SV039', 4, 10, 1, 2020, '2023-01-16 20:46:07', '0000-00-00 00:00:00'),
('CL000190', 'MH04', 'SV073', 4, 0, 3, 2022, '2023-01-16 20:46:07', '0000-00-00 00:00:00'),
('CL000191', 'MH02', 'SV022', 8, 2, 9, 2023, '2023-01-16 20:46:07', '0000-00-00 00:00:00'),
('CL000192', 'MH03', 'SV017', 7, 10, 6, 2020, '2023-01-16 20:46:07', '0000-00-00 00:00:00'),
('CL000193', 'MH04', 'SV074', 5, 0, 10, 2022, '2023-01-16 20:46:07', '0000-00-00 00:00:00'),
('CL000194', 'MH09', 'SV067', 7, 7, 2, 2020, '2023-01-16 20:46:07', '0000-00-00 00:00:00'),
('CL000195', 'MH08', 'SV054', 6, 6, 1, 2021, '2023-01-16 20:46:07', '0000-00-00 00:00:00'),
('CL000196', 'MH06', 'SV090', 2, 2, 2, 2023, '2023-01-16 20:46:07', '0000-00-00 00:00:00'),
('CL000197', 'MH02', 'SV028', 4, 1, 7, 2021, '2023-01-16 20:46:07', '0000-00-00 00:00:00'),
('CL000198', 'MH08', 'SV037', 9, 8, 4, 2020, '2023-01-16 20:46:07', '0000-00-00 00:00:00'),
('CL000199', 'MH08', 'SV072', 2, 4, 9, 2021, '2023-01-16 20:46:07', '0000-00-00 00:00:00'),
('CL000200', 'MH06', 'SV003', 3, 9, 4, 2021, '2023-01-16 20:46:07', '0000-00-00 00:00:00'),
('CL000201', 'MH08', 'SV002', 10, 10, 3, 2023, '2023-01-16 20:46:07', '0000-00-00 00:00:00'),
('CL000202', 'MH05', 'SV087', 8, 10, 0, 2022, '2023-01-16 20:46:07', '0000-00-00 00:00:00'),
('CL000203', 'MH07', 'SV040', 3, 2, 0, 2023, '2023-01-16 20:46:07', '0000-00-00 00:00:00'),
('CL000204', 'MH02', 'SV081', 2, 2, 10, 2021, '2023-01-16 20:46:07', '0000-00-00 00:00:00'),
('CL000205', 'MH02', 'SV041', 10, 6, 7, 2021, '2023-01-16 20:46:07', '0000-00-00 00:00:00'),
('CL000206', 'MH05', 'SV065', 5, 9, 8, 2021, '2023-01-16 20:46:07', '0000-00-00 00:00:00'),
('CL000207', 'MH08', 'SV033', 1, 8, 9, 2021, '2023-01-16 20:46:07', '0000-00-00 00:00:00'),
('CL000208', 'MH07', 'SV023', 9, 5, 3, 2023, '2023-01-16 20:46:07', '0000-00-00 00:00:00'),
('CL000209', 'MH07', 'SV053', 7, 3, 5, 2021, '2023-01-16 20:46:07', '0000-00-00 00:00:00'),
('CL000210', 'MH09', 'SV091', 9, 10, 9, 2021, '2023-01-16 20:46:07', '0000-00-00 00:00:00'),
('CL000211', 'MH07', 'SV065', 5, 5, 1, 2021, '2023-01-16 20:46:07', '0000-00-00 00:00:00'),
('CL000212', 'MH05', 'SV060', 8, 0, 8, 2022, '2023-01-16 20:46:07', '0000-00-00 00:00:00'),
('CL000213', 'MH06', 'SV030', 5, 7, 4, 2020, '2023-01-16 20:46:07', '0000-00-00 00:00:00'),
('CL000214', 'MH08', 'SV077', 4, 7, 6, 2020, '2023-01-16 20:46:07', '0000-00-00 00:00:00'),
('CL000215', 'MH08', 'SV047', 8, 7, 9, 2021, '2023-01-16 20:46:07', '0000-00-00 00:00:00'),
('CL000216', 'MH07', 'SV013', 4, 5, 4, 2023, '2023-01-16 20:46:07', '0000-00-00 00:00:00'),
('CL000217', 'MH01', 'SV086', 7, 8, 4, 2022, '2023-01-16 20:46:07', '0000-00-00 00:00:00'),
('CL000218', 'MH08', 'SV086', 2, 2, 7, 2022, '2023-01-16 20:46:07', '0000-00-00 00:00:00'),
('CL000219', 'MH07', 'SV018', 6, 1, 4, 2021, '2023-01-16 20:46:07', '0000-00-00 00:00:00'),
('CL000220', 'MH01', 'SV074', 1, 5, 10, 2022, '2023-01-16 20:46:07', '0000-00-00 00:00:00'),
('CL000221', 'MH02', 'SV084', 4, 3, 7, 2021, '2023-01-16 20:46:07', '0000-00-00 00:00:00'),
('CL000222', 'MH08', 'SV074', 0, 2, 7, 2022, '2023-01-16 20:46:07', '0000-00-00 00:00:00'),
('CL000223', 'MH09', 'SV028', 0, 6, 8, 2022, '2023-01-16 20:46:07', '0000-00-00 00:00:00'),
('CL000224', 'MH08', 'SV083', 7, 6, 7, 2023, '2023-01-16 20:46:07', '0000-00-00 00:00:00'),
('CL000225', 'MH07', 'SV091', 3, 7, 5, 2023, '2023-01-16 20:46:07', '0000-00-00 00:00:00'),
('CL000226', 'MH08', 'SV038', 9, 7, 0, 2022, '2023-01-16 20:46:07', '0000-00-00 00:00:00'),
('CL000227', 'MH02', 'SV085', 9, 4, 1, 2023, '2023-01-16 20:46:07', '0000-00-00 00:00:00'),
('CL000228', 'MH09', 'SV046', 3, 5, 7, 2020, '2023-01-16 20:46:07', '0000-00-00 00:00:00'),
('CL000229', 'MH07', 'SV057', 1, 0, 9, 2022, '2023-01-16 20:46:07', '0000-00-00 00:00:00'),
('CL000230', 'MH01', 'SV059', 7, 5, 4, 2022, '2023-01-16 20:46:07', '0000-00-00 00:00:00'),
('CL000231', 'MH09', 'SV064', 4, 5, 6, 2023, '2023-01-16 20:46:07', '0000-00-00 00:00:00'),
('CL000232', 'MH04', 'SV004', 4, 6, 3, 2023, '2023-01-16 20:46:07', '0000-00-00 00:00:00'),
('CL000233', 'MH07', 'SV033', 2, 4, 1, 2020, '2023-01-16 20:46:07', '0000-00-00 00:00:00'),
('CL000234', 'MH04', 'SV059', 10, 4, 6, 2022, '2023-01-16 20:46:07', '0000-00-00 00:00:00'),
('CL000235', 'MH09', 'SV073', 8, 4, 3, 2023, '2023-01-16 20:46:07', '0000-00-00 00:00:00'),
('CL000236', 'MH02', 'SV078', 9, 8, 3, 2023, '2023-01-16 20:46:07', '0000-00-00 00:00:00'),
('CL000237', 'MH07', 'SV021', 9, 1, 9, 2023, '2023-01-16 20:46:07', '0000-00-00 00:00:00'),
('CL000238', 'MH06', 'SV066', 8, 9, 6, 2020, '2023-01-16 20:46:07', '0000-00-00 00:00:00'),
('CL000239', 'MH04', 'SV093', 9, 6, 2, 2020, '2023-01-16 20:46:07', '0000-00-00 00:00:00'),
('CL000240', 'MH02', 'SV048', 1, 1, 8, 2022, '2023-01-16 20:46:07', '0000-00-00 00:00:00'),
('CL000241', 'MH06', 'SV092', 7, 5, 4, 2022, '2023-01-16 20:46:07', '0000-00-00 00:00:00'),
('CL000242', 'MH04', 'SV034', 4, 7, 7, 2021, '2023-01-16 20:46:07', '0000-00-00 00:00:00'),
('CL000243', 'MH08', 'SV023', 2, 3, 6, 2020, '2023-01-16 20:46:07', '0000-00-00 00:00:00'),
('CL000244', 'MH04', 'SV034', 6, 5, 4, 2022, '2023-01-16 20:46:07', '0000-00-00 00:00:00'),
('CL000245', 'MH02', 'SV092', 2, 6, 8, 2021, '2023-01-16 20:46:07', '0000-00-00 00:00:00'),
('CL000246', 'MH06', 'SV041', 5, 0, 3, 2020, '2023-01-16 20:46:07', '0000-00-00 00:00:00'),
('CL000247', 'MH03', 'SV012', 2, 1, 5, 2023, '2023-01-16 20:46:07', '0000-00-00 00:00:00'),
('CL000248', 'MH03', 'SV007', 0, 2, 1, 2020, '2023-01-16 20:46:07', '0000-00-00 00:00:00'),
('CL000249', 'MH09', 'SV061', 5, 9, 5, 2022, '2023-01-16 20:46:07', '0000-00-00 00:00:00'),
('CL000250', 'MH03', 'SV051', 0, 5, 6, 2021, '2023-01-16 20:46:07', '0000-00-00 00:00:00'),
('CL000251', 'MH05', 'SV022', 3, 2, 2, 2020, '2023-01-16 20:46:07', '0000-00-00 00:00:00'),
('CL000252', 'MH09', 'SV073', 8, 4, 3, 2021, '2023-01-16 20:46:07', '0000-00-00 00:00:00'),
('CL000253', 'MH09', 'SV011', 7, 10, 1, 2021, '2023-01-16 20:46:07', '0000-00-00 00:00:00'),
('CL000254', 'MH03', 'SV001', 5, 1, 8, 2020, '2023-01-16 20:46:07', '0000-00-00 00:00:00'),
('CL000255', 'MH04', 'SV027', 6, 7, 7, 2020, '2023-01-16 20:46:07', '0000-00-00 00:00:00'),
('CL000256', 'MH05', 'SV076', 5, 3, 0, 2020, '2023-01-16 20:46:07', '0000-00-00 00:00:00'),
('CL000257', 'MH06', 'SV074', 10, 1, 5, 2023, '2023-01-16 20:46:07', '0000-00-00 00:00:00'),
('CL000258', 'MH03', 'SV076', 7, 1, 6, 2021, '2023-01-16 20:46:07', '0000-00-00 00:00:00'),
('CL000259', 'MH08', 'SV010', 0, 6, 8, 2022, '2023-01-16 20:46:07', '0000-00-00 00:00:00'),
('CL000260', 'MH08', 'SV095', 3, 1, 4, 2023, '2023-01-16 20:46:07', '0000-00-00 00:00:00'),
('CL000261', 'MH04', 'SV055', 4, 0, 3, 2020, '2023-01-16 20:46:07', '0000-00-00 00:00:00'),
('CL000262', 'MH01', 'SV045', 4, 8, 7, 2022, '2023-01-16 20:46:07', '0000-00-00 00:00:00'),
('CL000263', 'MH06', 'SV062', 1, 10, 2, 2023, '2023-01-16 20:46:07', '0000-00-00 00:00:00'),
('CL000264', 'MH06', 'SV064', 6, 9, 2, 2020, '2023-01-16 20:46:07', '0000-00-00 00:00:00'),
('CL000265', 'MH06', 'SV087', 5, 8, 8, 2021, '2023-01-16 20:46:07', '0000-00-00 00:00:00'),
('CL000266', 'MH03', 'SV031', 7, 2, 4, 2021, '2023-01-16 20:46:07', '0000-00-00 00:00:00'),
('CL000267', 'MH07', 'SV034', 5, 10, 8, 2020, '2023-01-16 20:46:07', '0000-00-00 00:00:00'),
('CL000268', 'MH04', 'SV092', 2, 3, 9, 2021, '2023-01-16 20:46:07', '0000-00-00 00:00:00'),
('CL000269', 'MH09', 'SV041', 5, 3, 1, 2022, '2023-01-16 20:46:07', '0000-00-00 00:00:00'),
('CL000270', 'MH04', 'SV097', 9, 0, 5, 2023, '2023-01-16 20:46:07', '0000-00-00 00:00:00'),
('CL000271', 'MH04', 'SV051', 10, 1, 9, 2022, '2023-01-16 20:46:07', '0000-00-00 00:00:00'),
('CL000272', 'MH08', 'SV039', 2, 0, 2, 2021, '2023-01-16 20:46:07', '0000-00-00 00:00:00'),
('CL000273', 'MH03', 'SV076', 9, 4, 7, 2023, '2023-01-16 20:46:07', '0000-00-00 00:00:00'),
('CL000274', 'MH02', 'SV008', 10, 9, 3, 2020, '2023-01-16 20:46:07', '0000-00-00 00:00:00'),
('CL000275', 'MH09', 'SV050', 2, 2, 10, 2023, '2023-01-16 20:46:07', '0000-00-00 00:00:00'),
('CL000276', 'MH08', 'SV066', 9, 10, 1, 2023, '2023-01-16 20:46:07', '0000-00-00 00:00:00'),
('CL000277', 'MH04', 'SV004', 9, 0, 7, 2022, '2023-01-16 20:46:07', '0000-00-00 00:00:00'),
('CL000278', 'MH02', 'SV042', 3, 0, 3, 2020, '2023-01-16 20:46:07', '0000-00-00 00:00:00'),
('CL000279', 'MH05', 'SV008', 5, 8, 3, 2023, '2023-01-16 20:46:07', '0000-00-00 00:00:00'),
('CL000280', 'MH02', 'SV007', 4, 1, 3, 2022, '2023-01-16 20:46:07', '0000-00-00 00:00:00'),
('CL000281', 'MH07', 'SV085', 6, 3, 6, 2020, '2023-01-16 20:46:07', '0000-00-00 00:00:00'),
('CL000282', 'MH03', 'SV057', 7, 10, 4, 2020, '2023-01-16 20:46:07', '0000-00-00 00:00:00'),
('CL000283', 'MH07', 'SV054', 4, 3, 3, 2023, '2023-01-16 20:46:07', '0000-00-00 00:00:00'),
('CL000284', 'MH08', 'SV054', 6, 9, 3, 2021, '2023-01-16 20:46:07', '0000-00-00 00:00:00'),
('CL000285', 'MH05', 'SV003', 8, 2, 3, 2023, '2023-01-16 20:46:07', '0000-00-00 00:00:00'),
('CL000286', 'MH08', 'SV028', 1, 4, 8, 2023, '2023-01-16 20:46:07', '0000-00-00 00:00:00'),
('CL000287', 'MH04', 'SV015', 9, 8, 10, 2022, '2023-01-16 20:46:07', '0000-00-00 00:00:00'),
('CL000288', 'MH01', 'SV058', 2, 1, 1, 2020, '2023-01-16 20:46:07', '0000-00-00 00:00:00'),
('CL000289', 'MH08', 'SV011', 0, 4, 0, 2020, '2023-01-16 20:46:07', '0000-00-00 00:00:00'),
('CL000290', 'MH01', 'SV012', 0, 3, 0, 2020, '2023-01-16 20:46:07', '0000-00-00 00:00:00'),
('CL000291', 'MH04', 'SV025', 6, 4, 0, 2020, '2023-01-16 20:46:07', '0000-00-00 00:00:00'),
('CL000292', 'MH05', 'SV095', 5, 0, 0, 2023, '2023-01-16 20:46:07', '0000-00-00 00:00:00'),
('CL000293', 'MH02', 'SV006', 0, 7, 1, 2021, '2023-01-16 20:46:07', '0000-00-00 00:00:00'),
('CL000294', 'MH01', 'SV089', 0, 7, 1, 2022, '2023-01-16 20:46:07', '0000-00-00 00:00:00'),
('CL000295', 'MH01', 'SV019', 9, 6, 6, 2022, '2023-01-16 20:46:07', '0000-00-00 00:00:00'),
('CL000296', 'MH02', 'SV074', 6, 7, 9, 2022, '2023-01-16 20:46:07', '0000-00-00 00:00:00'),
('CL000297', 'MH09', 'SV002', 4, 10, 6, 2021, '2023-01-16 20:46:07', '0000-00-00 00:00:00'),
('CL000298', 'MH07', 'SV067', 0, 0, 6, 2021, '2023-01-16 20:46:07', '0000-00-00 00:00:00'),
('CL000299', 'MH07', 'SV024', 2, 4, 10, 2020, '2023-01-16 20:46:07', '0000-00-00 00:00:00'),
('CL000300', 'MH06', 'SV020', 0, 7, 9, 2020, '2023-01-16 20:46:07', '0000-00-00 00:00:00'),
('CL000301', 'MH03', 'SV012', 0, 1, 3, 2021, '2023-01-16 20:46:07', '0000-00-00 00:00:00'),
('CL000302', 'MH09', 'SV078', 8, 6, 3, 2021, '2023-01-16 20:46:07', '0000-00-00 00:00:00'),
('CL000303', 'MH05', 'SV036', 4, 10, 7, 2020, '2023-01-16 20:46:07', '0000-00-00 00:00:00'),
('CL000304', 'MH06', 'SV041', 9, 7, 2, 2022, '2023-01-16 20:46:07', '0000-00-00 00:00:00'),
('CL000305', 'MH03', 'SV075', 3, 0, 4, 2020, '2023-01-16 20:46:07', '0000-00-00 00:00:00'),
('CL000306', 'MH04', 'SV052', 6, 9, 9, 2020, '2023-01-16 20:46:07', '0000-00-00 00:00:00'),
('CL000307', 'MH06', 'SV053', 4, 6, 6, 2020, '2023-01-16 20:46:07', '0000-00-00 00:00:00'),
('CL000308', 'MH09', 'SV087', 1, 9, 6, 2021, '2023-01-16 20:46:07', '0000-00-00 00:00:00'),
('CL000309', 'MH06', 'SV026', 5, 2, 6, 2023, '2023-01-16 20:46:07', '0000-00-00 00:00:00'),
('CL000310', 'MH01', 'SV009', 6, 6, 4, 2022, '2023-01-16 20:46:07', '0000-00-00 00:00:00'),
('CL000311', 'MH06', 'SV046', 9, 1, 0, 2020, '2023-01-16 20:46:07', '0000-00-00 00:00:00'),
('CL000312', 'MH08', 'SV028', 3, 2, 3, 2023, '2023-01-16 20:46:07', '0000-00-00 00:00:00'),
('CL000313', 'MH08', 'SV046', 3, 7, 6, 2020, '2023-01-16 20:46:07', '0000-00-00 00:00:00'),
('CL000314', 'MH02', 'SV049', 1, 3, 4, 2023, '2023-01-16 20:46:07', '0000-00-00 00:00:00'),
('CL000315', 'MH07', 'SV030', 2, 0, 10, 2022, '2023-01-16 20:46:07', '0000-00-00 00:00:00'),
('CL000316', 'MH06', 'SV064', 3, 6, 4, 2023, '2023-01-16 20:46:07', '0000-00-00 00:00:00'),
('CL000317', 'MH05', 'SV065', 10, 1, 1, 2022, '2023-01-16 20:46:07', '0000-00-00 00:00:00'),
('CL000318', 'MH02', 'SV037', 9, 4, 0, 2020, '2023-01-16 20:46:07', '0000-00-00 00:00:00'),
('CL000319', 'MH08', 'SV029', 8, 9, 3, 2022, '2023-01-16 20:46:07', '0000-00-00 00:00:00'),
('CL000320', 'MH09', 'SV097', 7, 7, 3, 2021, '2023-01-16 20:46:07', '0000-00-00 00:00:00'),
('CL000321', 'MH02', 'SV046', 9, 2, 5, 2021, '2023-01-16 20:46:07', '0000-00-00 00:00:00'),
('CL000322', 'MH03', 'SV019', 6, 4, 9, 2022, '2023-01-16 20:46:07', '0000-00-00 00:00:00'),
('CL000323', 'MH06', 'SV033', 10, 10, 5, 2023, '2023-01-16 20:46:07', '0000-00-00 00:00:00'),
('CL000324', 'MH04', 'SV084', 7, 10, 1, 2020, '2023-01-16 20:46:07', '0000-00-00 00:00:00'),
('CL000325', 'MH04', 'SV039', 7, 3, 8, 2023, '2023-01-16 20:46:07', '0000-00-00 00:00:00'),
('CL000326', 'MH07', 'SV025', 8, 1, 2, 2023, '2023-01-16 20:46:07', '0000-00-00 00:00:00'),
('CL000327', 'MH07', 'SV071', 1, 10, 3, 2020, '2023-01-16 20:46:07', '0000-00-00 00:00:00'),
('CL000328', 'MH09', 'SV031', 3, 2, 4, 2021, '2023-01-16 20:46:07', '0000-00-00 00:00:00'),
('CL000329', 'MH07', 'SV089', 8, 9, 0, 2022, '2023-01-16 20:46:07', '0000-00-00 00:00:00'),
('CL000330', 'MH01', 'SV034', 0, 3, 0, 2021, '2023-01-16 20:46:07', '0000-00-00 00:00:00'),
('CL000331', 'MH02', 'SV094', 5, 8, 9, 2022, '2023-01-16 20:46:07', '0000-00-00 00:00:00'),
('CL000332', 'MH03', 'SV095', 6, 8, 7, 2023, '2023-01-16 20:46:07', '0000-00-00 00:00:00'),
('CL000333', 'MH06', 'SV061', 8, 3, 1, 2023, '2023-01-16 20:46:07', '0000-00-00 00:00:00'),
('CL000334', 'MH06', 'SV041', 6, 2, 0, 2022, '2023-01-16 20:46:07', '0000-00-00 00:00:00'),
('CL000335', 'MH09', 'SV051', 4, 6, 8, 2022, '2023-01-16 20:46:07', '0000-00-00 00:00:00'),
('CL000336', 'MH02', 'SV044', 3, 7, 4, 2020, '2023-01-16 20:46:07', '0000-00-00 00:00:00'),
('CL000337', 'MH09', 'SV006', 8, 4, 3, 2020, '2023-01-16 20:46:07', '0000-00-00 00:00:00'),
('CL000338', 'MH05', 'SV033', 10, 9, 0, 2022, '2023-01-16 20:46:07', '0000-00-00 00:00:00'),
('CL000339', 'MH04', 'SV023', 2, 0, 10, 2022, '2023-01-16 20:46:07', '0000-00-00 00:00:00'),
('CL000340', 'MH09', 'SV041', 6, 7, 4, 2020, '2023-01-16 20:46:07', '0000-00-00 00:00:00'),
('CL000341', 'MH08', 'SV040', 1, 9, 2, 2022, '2023-01-16 20:46:07', '0000-00-00 00:00:00'),
('CL000342', 'MH09', 'SV062', 3, 5, 6, 2023, '2023-01-16 20:46:07', '0000-00-00 00:00:00'),
('CL000343', 'MH08', 'SV097', 7, 7, 4, 2022, '2023-01-16 20:46:07', '0000-00-00 00:00:00'),
('CL000344', 'MH01', 'SV031', 1, 9, 10, 2023, '2023-01-16 20:46:07', '0000-00-00 00:00:00'),
('CL000345', 'MH09', 'SV095', 7, 9, 0, 2023, '2023-01-16 20:46:07', '0000-00-00 00:00:00'),
('CL000346', 'MH04', 'SV011', 1, 3, 8, 2023, '2023-01-16 20:46:07', '0000-00-00 00:00:00'),
('CL000347', 'MH03', 'SV051', 8, 6, 2, 2023, '2023-01-16 20:46:07', '0000-00-00 00:00:00'),
('CL000348', 'MH07', 'SV018', 3, 7, 5, 2023, '2023-01-16 20:46:07', '0000-00-00 00:00:00'),
('CL000349', 'MH01', 'SV087', 2, 9, 2, 2020, '2023-01-16 20:46:07', '0000-00-00 00:00:00'),
('CL000350', 'MH06', 'SV074', 5, 4, 10, 2021, '2023-01-16 20:46:07', '0000-00-00 00:00:00'),
('CL000351', 'MH01', 'SV087', 4, 7, 7, 2022, '2023-01-16 20:46:07', '0000-00-00 00:00:00'),
('CL000352', 'MH04', 'SV051', 7, 9, 1, 2020, '2023-01-16 20:46:07', '0000-00-00 00:00:00'),
('CL000353', 'MH09', 'SV071', 5, 10, 7, 2021, '2023-01-16 20:46:07', '0000-00-00 00:00:00'),
('CL000354', 'MH01', 'SV080', 7, 2, 0, 2023, '2023-01-16 20:46:07', '0000-00-00 00:00:00'),
('CL000355', 'MH01', 'SV009', 7, 9, 4, 2023, '2023-01-16 20:46:07', '0000-00-00 00:00:00'),
('CL000356', 'MH05', 'SV070', 3, 7, 0, 2020, '2023-01-16 20:46:07', '0000-00-00 00:00:00'),
('CL000357', 'MH08', 'SV079', 1, 10, 9, 2022, '2023-01-16 20:46:07', '0000-00-00 00:00:00'),
('CL000358', 'MH03', 'SV071', 7, 7, 5, 2023, '2023-01-16 20:46:07', '0000-00-00 00:00:00'),
('CL000359', 'MH03', 'SV021', 9, 2, 4, 2023, '2023-01-16 20:46:07', '0000-00-00 00:00:00'),
('CL000360', 'MH03', 'SV003', 2, 6, 7, 2021, '2023-01-16 20:46:07', '0000-00-00 00:00:00'),
('CL000361', 'MH08', 'SV070', 2, 10, 0, 2022, '2023-01-16 20:46:07', '0000-00-00 00:00:00'),
('CL000362', 'MH07', 'SV013', 6, 2, 4, 2021, '2023-01-16 20:46:07', '0000-00-00 00:00:00'),
('CL000363', 'MH03', 'SV099', 1, 1, 7, 2023, '2023-01-16 20:46:07', '0000-00-00 00:00:00'),
('CL000364', 'MH04', 'SV096', 9, 5, 4, 2020, '2023-01-16 20:46:07', '0000-00-00 00:00:00'),
('CL000365', 'MH05', 'SV017', 7, 5, 8, 2023, '2023-01-16 20:46:07', '0000-00-00 00:00:00'),
('CL000366', 'MH09', 'SV092', 4, 10, 0, 2023, '2023-01-16 20:46:07', '0000-00-00 00:00:00'),
('CL000367', 'MH08', 'SV025', 8, 8, 4, 2020, '2023-01-16 20:46:07', '0000-00-00 00:00:00'),
('CL000368', 'MH04', 'SV042', 10, 7, 7, 2021, '2023-01-16 20:46:07', '0000-00-00 00:00:00'),
('CL000369', 'MH02', 'SV043', 4, 2, 5, 2021, '2023-01-16 20:46:07', '0000-00-00 00:00:00'),
('CL000370', 'MH05', 'SV082', 0, 2, 6, 2021, '2023-01-16 20:46:07', '0000-00-00 00:00:00'),
('CL000371', 'MH06', 'SV004', 3, 2, 0, 2023, '2023-01-16 20:46:07', '0000-00-00 00:00:00'),
('CL000372', 'MH07', 'SV058', 5, 1, 3, 2020, '2023-01-16 20:46:07', '0000-00-00 00:00:00'),
('CL000373', 'MH02', 'SV066', 9, 6, 6, 2022, '2023-01-16 20:46:07', '0000-00-00 00:00:00'),
('CL000374', 'MH09', 'SV094', 4, 1, 3, 2020, '2023-01-16 20:46:07', '0000-00-00 00:00:00'),
('CL000375', 'MH07', 'SV012', 8, 6, 9, 2020, '2023-01-16 20:46:07', '0000-00-00 00:00:00'),
('CL000376', 'MH08', 'SV045', 3, 4, 0, 2020, '2023-01-16 20:46:07', '0000-00-00 00:00:00'),
('CL000377', 'MH08', 'SV038', 5, 9, 0, 2023, '2023-01-16 20:46:07', '0000-00-00 00:00:00'),
('CL000378', 'MH07', 'SV068', 4, 9, 0, 2020, '2023-01-16 20:46:07', '0000-00-00 00:00:00'),
('CL000379', 'MH03', 'SV060', 8, 4, 9, 2023, '2023-01-16 20:46:07', '0000-00-00 00:00:00'),
('CL000380', 'MH08', 'SV089', 2, 7, 7, 2021, '2023-01-16 20:46:07', '0000-00-00 00:00:00'),
('CL000381', 'MH02', 'SV094', 4, 0, 6, 2020, '2023-01-16 20:46:07', '0000-00-00 00:00:00'),
('CL000382', 'MH05', 'SV031', 9, 8, 7, 2020, '2023-01-16 20:46:07', '0000-00-00 00:00:00'),
('CL000383', 'MH09', 'SV091', 5, 2, 1, 2023, '2023-01-16 20:46:07', '0000-00-00 00:00:00'),
('CL000384', 'MH05', 'SV036', 2, 2, 10, 2022, '2023-01-16 20:46:07', '0000-00-00 00:00:00'),
('CL000385', 'MH06', 'SV094', 6, 0, 9, 2021, '2023-01-16 20:46:07', '0000-00-00 00:00:00'),
('CL000386', 'MH05', 'SV052', 7, 6, 3, 2023, '2023-01-16 20:46:07', '0000-00-00 00:00:00'),
('CL000387', 'MH02', 'SV084', 3, 6, 9, 2021, '2023-01-16 20:46:07', '0000-00-00 00:00:00'),
('CL000388', 'MH06', 'SV072', 2, 8, 6, 2023, '2023-01-16 20:46:07', '0000-00-00 00:00:00'),
('CL000389', 'MH09', 'SV067', 0, 1, 9, 2020, '2023-01-16 20:46:07', '0000-00-00 00:00:00'),
('CL000390', 'MH07', 'SV052', 7, 3, 0, 2023, '2023-01-16 20:46:07', '0000-00-00 00:00:00'),
('CL000391', 'MH03', 'SV062', 3, 0, 7, 2021, '2023-01-16 20:46:07', '0000-00-00 00:00:00'),
('CL000392', 'MH05', 'SV050', 5, 7, 2, 2021, '2023-01-16 20:46:07', '0000-00-00 00:00:00'),
('CL000393', 'MH01', 'SV017', 7, 3, 2, 2020, '2023-01-16 20:46:07', '0000-00-00 00:00:00'),
('CL000394', 'MH09', 'SV044', 9, 7, 1, 2020, '2023-01-16 20:46:07', '0000-00-00 00:00:00'),
('CL000395', 'MH07', 'SV077', 1, 0, 6, 2023, '2023-01-16 20:46:07', '0000-00-00 00:00:00'),
('CL000396', 'MH04', 'SV096', 7, 1, 3, 2021, '2023-01-16 20:46:07', '0000-00-00 00:00:00'),
('CL000397', 'MH02', 'SV078', 6, 5, 9, 2020, '2023-01-16 20:46:07', '0000-00-00 00:00:00'),
('CL000398', 'MH06', 'SV059', 8, 8, 9, 2021, '2023-01-16 20:46:07', '0000-00-00 00:00:00'),
('CL000399', 'MH07', 'SV020', 8, 5, 6, 2021, '2023-01-16 20:46:07', '0000-00-00 00:00:00'),
('CL000400', 'MH07', 'SV015', 2, 0, 4, 2023, '2023-01-16 20:46:07', '0000-00-00 00:00:00'),
('CL000401', 'MH04', 'SV003', 7, 1, 9, 2023, '2023-01-16 20:46:07', '0000-00-00 00:00:00'),
('CL000402', 'MH01', 'SV069', 0, 3, 1, 2020, '2023-01-16 20:46:07', '0000-00-00 00:00:00'),
('CL000403', 'MH03', 'SV022', 3, 0, 9, 2023, '2023-01-16 20:46:07', '0000-00-00 00:00:00'),
('CL000404', 'MH07', 'SV093', 8, 5, 7, 2023, '2023-01-16 20:46:07', '0000-00-00 00:00:00'),
('CL000405', 'MH02', 'SV070', 8, 3, 3, 2021, '2023-01-16 20:46:07', '0000-00-00 00:00:00'),
('CL000406', 'MH06', 'SV016', 8, 0, 2, 2020, '2023-01-16 20:46:07', '0000-00-00 00:00:00'),
('CL000407', 'MH05', 'SV050', 2, 9, 9, 2020, '2023-01-16 20:46:07', '0000-00-00 00:00:00'),
('CL000408', 'MH06', 'SV057', 5, 0, 2, 2020, '2023-01-16 20:46:07', '0000-00-00 00:00:00'),
('CL000409', 'MH06', 'SV064', 8, 3, 2, 2022, '2023-01-16 20:46:07', '0000-00-00 00:00:00'),
('CL000410', 'MH06', 'SV021', 5, 2, 3, 2022, '2023-01-16 20:46:07', '0000-00-00 00:00:00'),
('CL000411', 'MH01', 'SV028', 3, 10, 10, 2020, '2023-01-16 20:46:07', '0000-00-00 00:00:00'),
('CL000412', 'MH03', 'SV046', 9, 1, 5, 2021, '2023-01-16 20:46:07', '0000-00-00 00:00:00'),
('CL000413', 'MH05', 'SV008', 2, 1, 5, 2023, '2023-01-16 20:46:07', '0000-00-00 00:00:00'),
('CL000414', 'MH01', 'SV041', 7, 0, 6, 2020, '2023-01-16 20:46:07', '0000-00-00 00:00:00'),
('CL000415', 'MH06', 'SV024', 10, 2, 8, 2022, '2023-01-16 20:46:07', '0000-00-00 00:00:00'),
('CL000416', 'MH08', 'SV095', 10, 6, 3, 2021, '2023-01-16 20:46:07', '0000-00-00 00:00:00'),
('CL000417', 'MH05', 'SV065', 5, 3, 7, 2023, '2023-01-16 20:46:07', '0000-00-00 00:00:00'),
('CL000418', 'MH02', 'SV038', 0, 7, 8, 2023, '2023-01-16 20:46:07', '0000-00-00 00:00:00'),
('CL000419', 'MH09', 'SV010', 5, 3, 7, 2021, '2023-01-16 20:46:07', '0000-00-00 00:00:00'),
('CL000420', 'MH06', 'SV021', 3, 10, 0, 2023, '2023-01-16 20:46:07', '0000-00-00 00:00:00'),
('CL000421', 'MH07', 'SV057', 7, 2, 0, 2021, '2023-01-16 20:46:07', '0000-00-00 00:00:00'),
('CL000422', 'MH03', 'SV071', 4, 3, 6, 2022, '2023-01-16 20:46:07', '0000-00-00 00:00:00'),
('CL000423', 'MH02', 'SV003', 6, 5, 4, 2021, '2023-01-16 20:46:07', '0000-00-00 00:00:00'),
('CL000424', 'MH08', 'SV093', 4, 5, 5, 2023, '2023-01-16 20:46:07', '0000-00-00 00:00:00'),
('CL000425', 'MH01', 'SV004', 3, 1, 5, 2021, '2023-01-16 20:46:07', '0000-00-00 00:00:00'),
('CL000426', 'MH03', 'SV045', 5, 8, 8, 2022, '2023-01-16 20:46:07', '0000-00-00 00:00:00'),
('CL000427', 'MH04', 'SV042', 4, 9, 0, 2020, '2023-01-16 20:46:07', '0000-00-00 00:00:00'),
('CL000428', 'MH04', 'SV010', 1, 9, 5, 2023, '2023-01-16 20:46:07', '0000-00-00 00:00:00'),
('CL000429', 'MH05', 'SV040', 4, 6, 6, 2023, '2023-01-16 20:46:07', '0000-00-00 00:00:00'),
('CL000430', 'MH01', 'SV084', 1, 6, 6, 2022, '2023-01-16 20:46:07', '0000-00-00 00:00:00'),
('CL000431', 'MH07', 'SV070', 0, 10, 0, 2023, '2023-01-16 20:46:07', '0000-00-00 00:00:00'),
('CL000432', 'MH06', 'SV028', 7, 8, 10, 2020, '2023-01-16 20:46:07', '0000-00-00 00:00:00'),
('CL000433', 'MH04', 'SV037', 5, 10, 2, 2023, '2023-01-16 20:46:07', '0000-00-00 00:00:00'),
('CL000434', 'MH01', 'SV069', 0, 4, 10, 2020, '2023-01-16 20:46:07', '0000-00-00 00:00:00'),
('CL000435', 'MH07', 'SV060', 9, 9, 9, 2020, '2023-01-16 20:46:07', '0000-00-00 00:00:00'),
('CL000436', 'MH03', 'SV051', 0, 5, 5, 2022, '2023-01-16 20:46:07', '0000-00-00 00:00:00'),
('CL000437', 'MH01', 'SV049', 10, 5, 1, 2022, '2023-01-16 20:46:07', '0000-00-00 00:00:00'),
('CL000438', 'MH03', 'SV015', 7, 9, 10, 2022, '2023-01-16 20:46:07', '0000-00-00 00:00:00'),
('CL000439', 'MH06', 'SV087', 0, 10, 7, 2023, '2023-01-16 20:46:07', '0000-00-00 00:00:00'),
('CL000440', 'MH04', 'SV053', 9, 3, 9, 2022, '2023-01-16 20:46:07', '0000-00-00 00:00:00'),
('CL000441', 'MH08', 'SV060', 1, 7, 9, 2022, '2023-01-16 20:46:07', '0000-00-00 00:00:00'),
('CL000442', 'MH02', 'SV091', 3, 9, 7, 2021, '2023-01-16 20:46:07', '0000-00-00 00:00:00'),
('CL000443', 'MH02', 'SV053', 5, 4, 6, 2021, '2023-01-16 20:46:07', '0000-00-00 00:00:00'),
('CL000444', 'MH06', 'SV014', 9, 0, 3, 2023, '2023-01-16 20:46:07', '0000-00-00 00:00:00'),
('CL000445', 'MH05', 'SV031', 3, 3, 1, 2020, '2023-01-16 20:46:07', '0000-00-00 00:00:00'),
('CL000446', 'MH06', 'SV088', 10, 2, 8, 2020, '2023-01-16 20:46:07', '0000-00-00 00:00:00'),
('CL000447', 'MH07', 'SV074', 7, 0, 0, 2021, '2023-01-16 20:46:07', '0000-00-00 00:00:00'),
('CL000448', 'MH07', 'SV009', 9, 2, 9, 2023, '2023-01-16 20:46:07', '0000-00-00 00:00:00'),
('CL000449', 'MH03', 'SV005', 3, 1, 5, 2021, '2023-01-16 20:46:07', '0000-00-00 00:00:00'),
('CL000450', 'MH02', 'SV003', 3, 7, 3, 2022, '2023-01-16 20:46:07', '0000-00-00 00:00:00'),
('CL000451', 'MH01', 'SV067', 0, 4, 4, 2022, '2023-01-16 20:46:07', '0000-00-00 00:00:00'),
('CL000452', 'MH03', 'SV006', 8, 9, 9, 2022, '2023-01-16 20:46:07', '0000-00-00 00:00:00'),
('CL000453', 'MH08', 'SV024', 10, 5, 4, 2020, '2023-01-16 20:46:07', '0000-00-00 00:00:00'),
('CL000454', 'MH04', 'SV084', 6, 8, 5, 2022, '2023-01-16 20:46:07', '0000-00-00 00:00:00'),
('CL000455', 'MH08', 'SV051', 9, 3, 0, 2020, '2023-01-16 20:46:07', '0000-00-00 00:00:00'),
('CL000456', 'MH05', 'SV039', 9, 6, 10, 2021, '2023-01-16 20:46:07', '0000-00-00 00:00:00'),
('CL000457', 'MH02', 'SV047', 1, 5, 2, 2021, '2023-01-16 20:46:07', '0000-00-00 00:00:00'),
('CL000458', 'MH08', 'SV025', 2, 1, 8, 2021, '2023-01-16 20:46:07', '0000-00-00 00:00:00'),
('CL000459', 'MH07', 'SV073', 1, 10, 8, 2021, '2023-01-16 20:46:07', '0000-00-00 00:00:00'),
('CL000460', 'MH04', 'SV051', 0, 10, 0, 2020, '2023-01-16 20:46:07', '0000-00-00 00:00:00'),
('CL000461', 'MH01', 'SV055', 8, 7, 6, 2022, '2023-01-16 20:46:07', '0000-00-00 00:00:00'),
('CL000462', 'MH08', 'SV033', 4, 4, 1, 2021, '2023-01-16 20:46:07', '0000-00-00 00:00:00'),
('CL000463', 'MH05', 'SV091', 2, 10, 4, 2021, '2023-01-16 20:46:07', '0000-00-00 00:00:00'),
('CL000464', 'MH01', 'SV067', 3, 8, 2, 2023, '2023-01-16 20:46:07', '0000-00-00 00:00:00'),
('CL000465', 'MH09', 'SV027', 5, 7, 5, 2021, '2023-01-16 20:46:07', '0000-00-00 00:00:00'),
('CL000466', 'MH06', 'SV052', 9, 6, 2, 2020, '2023-01-16 20:46:07', '0000-00-00 00:00:00'),
('CL000467', 'MH01', 'SV074', 3, 8, 5, 2022, '2023-01-16 20:46:07', '0000-00-00 00:00:00'),
('CL000468', 'MH09', 'SV033', 2, 7, 5, 2023, '2023-01-16 20:46:07', '0000-00-00 00:00:00'),
('CL000469', 'MH01', 'SV022', 1, 3, 0, 2020, '2023-01-16 20:46:07', '0000-00-00 00:00:00'),
('CL000470', 'MH04', 'SV048', 7, 0, 1, 2023, '2023-01-16 20:46:07', '0000-00-00 00:00:00'),
('CL000471', 'MH02', 'SV037', 7, 1, 7, 2020, '2023-01-16 20:46:07', '0000-00-00 00:00:00'),
('CL000472', 'MH05', 'SV078', 10, 8, 9, 2021, '2023-01-16 20:46:07', '0000-00-00 00:00:00'),
('CL000473', 'MH09', 'SV043', 1, 9, 5, 2022, '2023-01-16 20:46:07', '0000-00-00 00:00:00'),
('CL000474', 'MH07', 'SV064', 4, 10, 7, 2022, '2023-01-16 20:46:07', '0000-00-00 00:00:00'),
('CL000475', 'MH02', 'SV077', 9, 7, 9, 2022, '2023-01-16 20:46:07', '0000-00-00 00:00:00'),
('CL000476', 'MH06', 'SV009', 9, 1, 7, 2022, '2023-01-16 20:46:07', '0000-00-00 00:00:00'),
('CL000477', 'MH05', 'SV053', 8, 7, 4, 2020, '2023-01-16 20:46:07', '0000-00-00 00:00:00'),
('CL000478', 'MH09', 'SV063', 4, 1, 10, 2021, '2023-01-16 20:46:07', '0000-00-00 00:00:00'),
('CL000479', 'MH03', 'SV034', 1, 0, 1, 2023, '2023-01-16 20:46:07', '0000-00-00 00:00:00'),
('CL000480', 'MH01', 'SV038', 3, 0, 7, 2021, '2023-01-16 20:46:07', '0000-00-00 00:00:00'),
('CL000481', 'MH02', 'SV019', 6, 2, 9, 2023, '2023-01-16 20:46:07', '0000-00-00 00:00:00'),
('CL000482', 'MH07', 'SV079', 8, 2, 2, 2022, '2023-01-16 20:46:07', '0000-00-00 00:00:00'),
('CL000483', 'MH08', 'SV046', 5, 1, 6, 2020, '2023-01-16 20:46:07', '0000-00-00 00:00:00'),
('CL000484', 'MH02', 'SV038', 7, 7, 1, 2020, '2023-01-16 20:46:07', '0000-00-00 00:00:00'),
('CL000485', 'MH04', 'SV071', 1, 2, 1, 2020, '2023-01-16 20:46:07', '0000-00-00 00:00:00'),
('CL000486', 'MH02', 'SV031', 9, 4, 5, 2022, '2023-01-16 20:46:07', '0000-00-00 00:00:00'),
('CL000487', 'MH05', 'SV091', 3, 2, 9, 2023, '2023-01-16 20:46:07', '0000-00-00 00:00:00'),
('CL000488', 'MH01', 'SV008', 4, 6, 4, 2023, '2023-01-16 20:46:07', '0000-00-00 00:00:00'),
('CL000489', 'MH06', 'SV031', 2, 2, 9, 2023, '2023-01-16 20:46:07', '0000-00-00 00:00:00'),
('CL000490', 'MH06', 'SV095', 10, 1, 6, 2021, '2023-01-16 20:46:07', '0000-00-00 00:00:00'),
('CL000491', 'MH04', 'SV091', 8, 6, 7, 2021, '2023-01-16 20:46:07', '0000-00-00 00:00:00'),
('CL000492', 'MH05', 'SV068', 10, 5, 5, 2023, '2023-01-16 20:46:07', '0000-00-00 00:00:00'),
('CL000493', 'MH02', 'SV030', 1, 3, 3, 2021, '2023-01-16 20:46:07', '0000-00-00 00:00:00'),
('CL000494', 'MH08', 'SV089', 0, 7, 0, 2021, '2023-01-16 20:46:07', '0000-00-00 00:00:00'),
('CL000495', 'MH08', 'SV097', 10, 10, 8, 2020, '2023-01-16 20:46:07', '0000-00-00 00:00:00'),
('CL000496', 'MH06', 'SV052', 0, 0, 9, 2023, '2023-01-16 20:46:07', '0000-00-00 00:00:00'),
('CL000497', 'MH07', 'SV019', 6, 4, 10, 2022, '2023-01-16 20:46:07', '0000-00-00 00:00:00'),
('CL000498', 'MH05', 'SV085', 0, 9, 1, 2023, '2023-01-16 20:46:07', '0000-00-00 00:00:00'),
('CL000499', 'MH03', 'SV047', 6, 1, 7, 2022, '2023-01-16 20:46:07', '0000-00-00 00:00:00'),
('CL000500', 'MH03', 'SV093', 10, 4, 1, 2020, '2023-01-16 20:46:07', '0000-00-00 00:00:00'),
('CL000501', 'MH04', 'SV074', 0, 4, 3, 2023, '2023-01-16 20:46:07', '0000-00-00 00:00:00'),
('CL000502', 'MH03', 'SV098', 3, 9, 2, 2023, '2023-01-16 20:46:07', '0000-00-00 00:00:00'),
('CL000503', 'MH07', 'SV025', 10, 6, 0, 2020, '2023-01-16 20:46:07', '0000-00-00 00:00:00'),
('CL000504', 'MH03', 'SV025', 2, 8, 0, 2021, '2023-01-16 20:46:07', '0000-00-00 00:00:00'),
('CL000505', 'MH05', 'SV035', 0, 2, 8, 2023, '2023-01-16 20:46:07', '0000-00-00 00:00:00'),
('CL000506', 'MH09', 'SV014', 9, 3, 5, 2022, '2023-01-16 20:46:07', '0000-00-00 00:00:00'),
('CL000507', 'MH04', 'SV085', 4, 5, 6, 2023, '2023-01-16 20:46:07', '0000-00-00 00:00:00'),
('CL000508', 'MH03', 'SV012', 9, 5, 5, 2021, '2023-01-16 20:46:07', '0000-00-00 00:00:00'),
('CL000509', 'MH02', 'SV024', 3, 8, 8, 2023, '2023-01-16 20:46:07', '0000-00-00 00:00:00'),
('CL000510', 'MH07', 'SV088', 6, 9, 3, 2021, '2023-01-16 20:46:07', '0000-00-00 00:00:00'),
('CL000511', 'MH03', 'SV030', 9, 8, 3, 2022, '2023-01-16 20:46:07', '0000-00-00 00:00:00'),
('CL000512', 'MH05', 'SV009', 7, 7, 1, 2021, '2023-01-16 20:46:07', '0000-00-00 00:00:00'),
('CL000513', 'MH05', 'SV055', 8, 10, 1, 2022, '2023-01-16 20:46:07', '0000-00-00 00:00:00'),
('CL000514', 'MH05', 'SV004', 8, 2, 9, 2023, '2023-01-16 20:46:07', '0000-00-00 00:00:00'),
('CL000515', 'MH07', 'SV042', 10, 2, 10, 2023, '2023-01-16 20:46:07', '0000-00-00 00:00:00'),
('CL000516', 'MH03', 'SV063', 10, 1, 1, 2023, '2023-01-16 20:46:07', '0000-00-00 00:00:00'),
('CL000517', 'MH04', 'SV045', 3, 8, 7, 2021, '2023-01-16 20:46:07', '0000-00-00 00:00:00'),
('CL000518', 'MH02', 'SV008', 10, 6, 8, 2021, '2023-01-16 20:46:07', '0000-00-00 00:00:00'),
('CL000519', 'MH01', 'SV020', 10, 4, 5, 2022, '2023-01-16 20:46:07', '0000-00-00 00:00:00'),
('CL000520', 'MH05', 'SV026', 7, 4, 8, 2023, '2023-01-16 20:46:07', '0000-00-00 00:00:00'),
('CL000521', 'MH08', 'SV003', 4, 9, 3, 2020, '2023-01-16 20:46:07', '0000-00-00 00:00:00'),
('CL000522', 'MH02', 'SV082', 3, 3, 2, 2022, '2023-01-16 20:46:07', '0000-00-00 00:00:00'),
('CL000523', 'MH01', 'SV011', 0, 6, 3, 2022, '2023-01-16 20:46:07', '0000-00-00 00:00:00'),
('CL000524', 'MH03', 'SV057', 2, 0, 0, 2020, '2023-01-16 20:46:07', '0000-00-00 00:00:00'),
('CL000525', 'MH02', 'SV061', 6, 5, 1, 2022, '2023-01-16 20:46:07', '0000-00-00 00:00:00'),
('CL000526', 'MH05', 'SV028', 10, 5, 3, 2023, '2023-01-16 20:46:07', '0000-00-00 00:00:00'),
('CL000527', 'MH04', 'SV006', 0, 5, 3, 2020, '2023-01-16 20:46:07', '0000-00-00 00:00:00'),
('CL000528', 'MH05', 'SV045', 1, 4, 10, 2022, '2023-01-16 20:46:07', '0000-00-00 00:00:00'),
('CL000529', 'MH07', 'SV044', 2, 2, 1, 2020, '2023-01-16 20:46:07', '0000-00-00 00:00:00'),
('CL000530', 'MH09', 'SV037', 3, 5, 5, 2023, '2023-01-16 20:46:07', '0000-00-00 00:00:00'),
('CL000531', 'MH03', 'SV093', 2, 6, 2, 2020, '2023-01-16 20:46:07', '0000-00-00 00:00:00'),
('CL000532', 'MH09', 'SV060', 6, 4, 9, 2023, '2023-01-16 20:46:07', '0000-00-00 00:00:00'),
('CL000533', 'MH01', 'SV084', 7, 2, 6, 2022, '2023-01-16 20:46:07', '0000-00-00 00:00:00'),
('CL000534', 'MH03', 'SV002', 2, 5, 1, 2022, '2023-01-16 20:46:07', '0000-00-00 00:00:00'),
('CL000535', 'MH05', 'SV057', 2, 3, 1, 2023, '2023-01-16 20:46:07', '0000-00-00 00:00:00'),
('CL000536', 'MH06', 'SV049', 0, 9, 2, 2020, '2023-01-16 20:46:07', '0000-00-00 00:00:00'),
('CL000537', 'MH02', 'SV066', 5, 3, 5, 2022, '2023-01-16 20:46:07', '0000-00-00 00:00:00'),
('CL000538', 'MH07', 'SV034', 4, 0, 2, 2022, '2023-01-16 20:46:07', '0000-00-00 00:00:00'),
('CL000539', 'MH02', 'SV098', 2, 1, 3, 2021, '2023-01-16 20:46:07', '0000-00-00 00:00:00'),
('CL000540', 'MH09', 'SV047', 1, 6, 3, 2021, '2023-01-16 20:46:07', '0000-00-00 00:00:00'),
('CL000541', 'MH03', 'SV090', 8, 4, 3, 2020, '2023-01-16 20:46:07', '0000-00-00 00:00:00'),
('CL000542', 'MH07', 'SV036', 3, 10, 3, 2020, '2023-01-16 20:46:07', '0000-00-00 00:00:00'),
('CL000543', 'MH09', 'SV098', 4, 5, 9, 2023, '2023-01-16 20:46:07', '0000-00-00 00:00:00'),
('CL000544', 'MH04', 'SV014', 4, 8, 2, 2022, '2023-01-16 20:46:07', '0000-00-00 00:00:00'),
('CL000545', 'MH01', 'SV059', 4, 5, 8, 2023, '2023-01-16 20:46:07', '0000-00-00 00:00:00'),
('CL000546', 'MH03', 'SV027', 6, 10, 5, 2021, '2023-01-16 20:46:07', '0000-00-00 00:00:00'),
('CL000547', 'MH07', 'SV002', 7, 2, 6, 2022, '2023-01-16 20:46:07', '0000-00-00 00:00:00'),
('CL000548', 'MH06', 'SV033', 0, 4, 10, 2022, '2023-01-16 20:46:07', '0000-00-00 00:00:00'),
('CL000549', 'MH03', 'SV014', 1, 1, 7, 2021, '2023-01-16 20:46:07', '0000-00-00 00:00:00'),
('CL000550', 'MH06', 'SV093', 1, 3, 10, 2021, '2023-01-16 20:46:07', '0000-00-00 00:00:00'),
('CL000551', 'MH04', 'SV041', 6, 7, 6, 2020, '2023-01-16 20:46:07', '0000-00-00 00:00:00'),
('CL000552', 'MH06', 'SV089', 7, 5, 10, 2023, '2023-01-16 20:46:07', '0000-00-00 00:00:00'),
('CL000553', 'MH01', 'SV008', 5, 8, 4, 2022, '2023-01-16 20:46:07', '0000-00-00 00:00:00');
INSERT INTO `mark` (`ID`, `subject_id`, `user_id`, `homework_mark`, `midtern_mark`, `final_mark`, `year`, `create_at`, `update_at`) VALUES
('CL000554', 'MH04', 'SV061', 3, 8, 4, 2023, '2023-01-16 20:46:07', '0000-00-00 00:00:00'),
('CL000555', 'MH07', 'SV034', 1, 8, 4, 2023, '2023-01-16 20:46:07', '0000-00-00 00:00:00'),
('CL000556', 'MH06', 'SV034', 6, 6, 3, 2023, '2023-01-16 20:46:07', '0000-00-00 00:00:00'),
('CL000557', 'MH04', 'SV001', 5, 8, 3, 2023, '2023-01-16 20:46:07', '0000-00-00 00:00:00'),
('CL000558', 'MH07', 'SV019', 7, 7, 1, 2020, '2023-01-16 20:46:07', '0000-00-00 00:00:00'),
('CL000559', 'MH02', 'SV081', 3, 7, 6, 2023, '2023-01-16 20:46:07', '0000-00-00 00:00:00'),
('CL000560', 'MH04', 'SV045', 9, 0, 7, 2022, '2023-01-16 20:46:07', '0000-00-00 00:00:00'),
('CL000561', 'MH03', 'SV045', 4, 3, 8, 2022, '2023-01-16 20:46:07', '0000-00-00 00:00:00'),
('CL000562', 'MH09', 'SV048', 10, 2, 2, 2022, '2023-01-16 20:46:07', '0000-00-00 00:00:00'),
('CL000563', 'MH01', 'SV004', 9, 7, 9, 2023, '2023-01-16 20:46:07', '0000-00-00 00:00:00'),
('CL000564', 'MH06', 'SV083', 1, 7, 8, 2023, '2023-01-16 20:46:07', '0000-00-00 00:00:00'),
('CL000565', 'MH06', 'SV037', 1, 6, 2, 2020, '2023-01-16 20:46:07', '0000-00-00 00:00:00'),
('CL000566', 'MH01', 'SV073', 0, 4, 9, 2021, '2023-01-16 20:46:07', '0000-00-00 00:00:00'),
('CL000567', 'MH01', 'SV059', 8, 7, 4, 2020, '2023-01-16 20:46:07', '0000-00-00 00:00:00'),
('CL000568', 'MH08', 'SV010', 5, 10, 8, 2020, '2023-01-16 20:46:07', '0000-00-00 00:00:00'),
('CL000569', 'MH09', 'SV088', 2, 2, 4, 2022, '2023-01-16 20:46:07', '0000-00-00 00:00:00'),
('CL000570', 'MH09', 'SV047', 1, 3, 0, 2023, '2023-01-16 20:46:07', '0000-00-00 00:00:00'),
('CL000571', 'MH04', 'SV060', 3, 10, 10, 2020, '2023-01-16 20:46:07', '0000-00-00 00:00:00'),
('CL000572', 'MH09', 'SV030', 8, 0, 4, 2020, '2023-01-16 20:46:07', '0000-00-00 00:00:00'),
('CL000573', 'MH08', 'SV049', 2, 1, 2, 2022, '2023-01-16 20:46:07', '0000-00-00 00:00:00'),
('CL000574', 'MH08', 'SV044', 7, 6, 8, 2021, '2023-01-16 20:46:07', '0000-00-00 00:00:00'),
('CL000575', 'MH08', 'SV062', 10, 9, 10, 2021, '2023-01-16 20:46:07', '0000-00-00 00:00:00'),
('CL000576', 'MH07', 'SV051', 10, 3, 9, 2022, '2023-01-16 20:46:07', '0000-00-00 00:00:00'),
('CL000577', 'MH03', 'SV018', 0, 5, 5, 2022, '2023-01-16 20:46:07', '0000-00-00 00:00:00'),
('CL000578', 'MH02', 'SV008', 6, 8, 2, 2021, '2023-01-16 20:46:07', '0000-00-00 00:00:00'),
('CL000579', 'MH05', 'SV082', 10, 4, 10, 2023, '2023-01-16 20:46:07', '0000-00-00 00:00:00'),
('CL000580', 'MH04', 'SV017', 3, 4, 2, 2020, '2023-01-16 20:46:07', '0000-00-00 00:00:00'),
('CL000581', 'MH05', 'SV065', 10, 6, 3, 2023, '2023-01-16 20:46:07', '0000-00-00 00:00:00'),
('CL000582', 'MH03', 'SV048', 1, 3, 10, 2022, '2023-01-16 20:46:07', '0000-00-00 00:00:00'),
('CL000583', 'MH05', 'SV022', 7, 3, 4, 2020, '2023-01-16 20:46:07', '0000-00-00 00:00:00'),
('CL000584', 'MH04', 'SV005', 3, 1, 2, 2020, '2023-01-16 20:46:07', '0000-00-00 00:00:00'),
('CL000585', 'MH07', 'SV091', 6, 1, 0, 2023, '2023-01-16 20:46:07', '0000-00-00 00:00:00'),
('CL000586', 'MH08', 'SV033', 7, 7, 10, 2023, '2023-01-16 20:46:07', '0000-00-00 00:00:00'),
('CL000587', 'MH09', 'SV038', 7, 1, 3, 2023, '2023-01-16 20:46:07', '0000-00-00 00:00:00'),
('CL000588', 'MH01', 'SV060', 6, 5, 2, 2020, '2023-01-16 20:46:07', '0000-00-00 00:00:00'),
('CL000589', 'MH05', 'SV077', 10, 2, 3, 2023, '2023-01-16 20:46:07', '0000-00-00 00:00:00'),
('CL000590', 'MH05', 'SV066', 0, 5, 5, 2020, '2023-01-16 20:46:07', '0000-00-00 00:00:00'),
('CL000591', 'MH09', 'SV002', 3, 6, 7, 2021, '2023-01-16 20:46:07', '0000-00-00 00:00:00'),
('CL000592', 'MH08', 'SV042', 10, 2, 0, 2023, '2023-01-16 20:46:07', '0000-00-00 00:00:00'),
('CL000593', 'MH09', 'SV090', 6, 2, 2, 2022, '2023-01-16 20:46:07', '0000-00-00 00:00:00'),
('CL000594', 'MH09', 'SV084', 5, 1, 7, 2020, '2023-01-16 20:46:07', '0000-00-00 00:00:00'),
('CL000595', 'MH03', 'SV033', 5, 10, 6, 2020, '2023-01-16 20:46:07', '0000-00-00 00:00:00'),
('CL000596', 'MH05', 'SV034', 10, 10, 5, 2023, '2023-01-16 20:46:07', '0000-00-00 00:00:00'),
('CL000597', 'MH04', 'SV028', 10, 2, 0, 2020, '2023-01-16 20:46:07', '0000-00-00 00:00:00'),
('CL000598', 'MH09', 'SV062', 5, 4, 1, 2020, '2023-01-16 20:46:07', '0000-00-00 00:00:00'),
('CL000599', 'MH05', 'SV033', 6, 3, 1, 2020, '2023-01-16 20:46:07', '0000-00-00 00:00:00'),
('CL000600', 'MH06', 'SV050', 0, 0, 3, 2020, '2023-01-16 20:46:07', '0000-00-00 00:00:00'),
('CL000601', 'MH09', 'SV088', 4, 0, 3, 2023, '2023-01-16 20:46:07', '0000-00-00 00:00:00'),
('CL000602', 'MH06', 'SV086', 1, 7, 0, 2022, '2023-01-16 20:46:07', '0000-00-00 00:00:00'),
('CL000603', 'MH06', 'SV086', 7, 2, 1, 2020, '2023-01-16 20:46:07', '0000-00-00 00:00:00'),
('CL000604', 'MH07', 'SV074', 3, 6, 7, 2022, '2023-01-16 20:46:07', '0000-00-00 00:00:00'),
('CL000605', 'MH08', 'SV004', 3, 2, 8, 2022, '2023-01-16 20:46:07', '0000-00-00 00:00:00'),
('CL000606', 'MH06', 'SV040', 10, 1, 4, 2023, '2023-01-16 20:46:07', '0000-00-00 00:00:00'),
('CL000607', 'MH01', 'SV051', 0, 4, 9, 2021, '2023-01-16 20:46:07', '0000-00-00 00:00:00'),
('CL000608', 'MH02', 'SV027', 7, 9, 1, 2023, '2023-01-16 20:46:07', '0000-00-00 00:00:00'),
('CL000609', 'MH03', 'SV010', 9, 9, 1, 2022, '2023-01-16 20:46:07', '0000-00-00 00:00:00'),
('CL000610', 'MH07', 'SV043', 4, 4, 3, 2022, '2023-01-16 20:46:07', '0000-00-00 00:00:00'),
('CL000611', 'MH02', 'SV094', 3, 7, 10, 2020, '2023-01-16 20:46:07', '0000-00-00 00:00:00'),
('CL000612', 'MH01', 'SV100', 6, 3, 7, 2021, '2023-01-16 20:46:07', '0000-00-00 00:00:00'),
('CL000613', 'MH01', 'SV069', 7, 5, 3, 2021, '2023-01-16 20:46:07', '0000-00-00 00:00:00'),
('CL000614', 'MH04', 'SV041', 1, 1, 1, 2023, '2023-01-16 20:46:07', '0000-00-00 00:00:00'),
('CL000615', 'MH03', 'SV053', 1, 8, 0, 2022, '2023-01-16 20:46:07', '0000-00-00 00:00:00'),
('CL000616', 'MH03', 'SV097', 8, 10, 1, 2021, '2023-01-16 20:46:07', '0000-00-00 00:00:00'),
('CL000617', 'MH06', 'SV091', 5, 5, 8, 2021, '2023-01-16 20:46:07', '0000-00-00 00:00:00'),
('CL000618', 'MH02', 'SV067', 2, 10, 5, 2020, '2023-01-16 20:46:07', '0000-00-00 00:00:00'),
('CL000619', 'MH02', 'SV013', 5, 3, 9, 2021, '2023-01-16 20:46:07', '0000-00-00 00:00:00'),
('CL000620', 'MH01', 'SV049', 5, 3, 6, 2022, '2023-01-16 20:46:07', '0000-00-00 00:00:00'),
('CL000621', 'MH09', 'SV050', 8, 0, 2, 2020, '2023-01-16 20:46:07', '0000-00-00 00:00:00'),
('CL000622', 'MH05', 'SV089', 8, 10, 4, 2021, '2023-01-16 20:46:07', '0000-00-00 00:00:00'),
('CL000623', 'MH09', 'SV072', 6, 1, 8, 2020, '2023-01-16 20:46:07', '0000-00-00 00:00:00'),
('CL000624', 'MH06', 'SV053', 4, 10, 0, 2022, '2023-01-16 20:46:07', '0000-00-00 00:00:00'),
('CL000625', 'MH07', 'SV051', 8, 4, 10, 2022, '2023-01-16 20:46:07', '0000-00-00 00:00:00'),
('CL000626', 'MH04', 'SV011', 10, 3, 5, 2023, '2023-01-16 20:46:07', '0000-00-00 00:00:00'),
('CL000627', 'MH05', 'SV013', 10, 7, 4, 2022, '2023-01-16 20:46:07', '0000-00-00 00:00:00'),
('CL000628', 'MH02', 'SV072', 6, 4, 7, 2020, '2023-01-16 20:46:07', '0000-00-00 00:00:00'),
('CL000629', 'MH03', 'SV022', 3, 10, 1, 2022, '2023-01-16 20:46:07', '0000-00-00 00:00:00'),
('CL000630', 'MH08', 'SV020', 7, 9, 0, 2021, '2023-01-16 20:46:07', '0000-00-00 00:00:00'),
('CL000631', 'MH05', 'SV050', 9, 1, 10, 2023, '2023-01-16 20:46:07', '0000-00-00 00:00:00'),
('CL000632', 'MH04', 'SV031', 7, 1, 8, 2021, '2023-01-16 20:46:07', '0000-00-00 00:00:00'),
('CL000633', 'MH04', 'SV055', 8, 4, 9, 2023, '2023-01-16 20:46:07', '0000-00-00 00:00:00'),
('CL000634', 'MH06', 'SV035', 1, 3, 10, 2020, '2023-01-16 20:46:07', '0000-00-00 00:00:00'),
('CL000635', 'MH05', 'SV069', 9, 0, 0, 2022, '2023-01-16 20:46:07', '0000-00-00 00:00:00'),
('CL000636', 'MH06', 'SV024', 2, 9, 10, 2020, '2023-01-16 20:46:07', '0000-00-00 00:00:00'),
('CL000637', 'MH06', 'SV005', 1, 9, 2, 2023, '2023-01-16 20:46:07', '0000-00-00 00:00:00'),
('CL000638', 'MH09', 'SV005', 2, 7, 3, 2021, '2023-01-16 20:46:07', '0000-00-00 00:00:00'),
('CL000639', 'MH04', 'SV099', 9, 3, 0, 2020, '2023-01-16 20:46:07', '0000-00-00 00:00:00'),
('CL000640', 'MH07', 'SV020', 8, 2, 6, 2023, '2023-01-16 20:46:07', '0000-00-00 00:00:00'),
('CL000641', 'MH08', 'SV059', 10, 7, 10, 2022, '2023-01-16 20:46:07', '0000-00-00 00:00:00'),
('CL000642', 'MH06', 'SV082', 8, 9, 3, 2023, '2023-01-16 20:46:07', '0000-00-00 00:00:00'),
('CL000643', 'MH01', 'SV012', 10, 8, 9, 2021, '2023-01-16 20:46:07', '0000-00-00 00:00:00'),
('CL000644', 'MH09', 'SV006', 8, 8, 1, 2023, '2023-01-16 20:46:07', '0000-00-00 00:00:00'),
('CL000645', 'MH08', 'SV005', 6, 8, 1, 2020, '2023-01-16 20:46:07', '0000-00-00 00:00:00'),
('CL000646', 'MH08', 'SV014', 4, 2, 9, 2021, '2023-01-16 20:46:07', '0000-00-00 00:00:00'),
('CL000647', 'MH07', 'SV018', 7, 2, 9, 2023, '2023-01-16 20:46:07', '0000-00-00 00:00:00'),
('CL000648', 'MH02', 'SV011', 4, 4, 10, 2020, '2023-01-16 20:46:07', '0000-00-00 00:00:00'),
('CL000649', 'MH04', 'SV095', 8, 3, 8, 2023, '2023-01-16 20:46:07', '0000-00-00 00:00:00'),
('CL000650', 'MH09', 'SV011', 1, 8, 4, 2023, '2023-01-16 20:46:07', '0000-00-00 00:00:00'),
('CL000651', 'MH06', 'SV089', 3, 1, 9, 2022, '2023-01-16 20:46:07', '0000-00-00 00:00:00'),
('CL000652', 'MH02', 'SV046', 4, 0, 7, 2020, '2023-01-16 20:46:07', '0000-00-00 00:00:00'),
('CL000653', 'MH08', 'SV076', 2, 6, 6, 2020, '2023-01-16 20:46:07', '0000-00-00 00:00:00'),
('CL000654', 'MH07', 'SV084', 8, 6, 2, 2023, '2023-01-16 20:46:07', '0000-00-00 00:00:00'),
('CL000655', 'MH05', 'SV061', 5, 2, 3, 2023, '2023-01-16 20:46:07', '0000-00-00 00:00:00'),
('CL000656', 'MH02', 'SV034', 7, 0, 5, 2023, '2023-01-16 20:46:07', '0000-00-00 00:00:00'),
('CL000657', 'MH07', 'SV092', 8, 4, 3, 2020, '2023-01-16 20:46:07', '0000-00-00 00:00:00'),
('CL000658', 'MH08', 'SV048', 9, 0, 4, 2020, '2023-01-16 20:46:07', '0000-00-00 00:00:00'),
('CL000659', 'MH07', 'SV029', 2, 10, 6, 2020, '2023-01-16 20:46:07', '0000-00-00 00:00:00'),
('CL000660', 'MH08', 'SV063', 5, 0, 2, 2022, '2023-01-16 20:46:07', '0000-00-00 00:00:00'),
('CL000661', 'MH08', 'SV054', 3, 9, 8, 2021, '2023-01-16 20:46:07', '0000-00-00 00:00:00'),
('CL000662', 'MH02', 'SV073', 5, 1, 7, 2023, '2023-01-16 20:46:07', '0000-00-00 00:00:00'),
('CL000663', 'MH02', 'SV087', 2, 5, 1, 2023, '2023-01-16 20:46:07', '0000-00-00 00:00:00'),
('CL000664', 'MH08', 'SV084', 0, 2, 2, 2021, '2023-01-16 20:46:07', '0000-00-00 00:00:00'),
('CL000665', 'MH05', 'SV069', 0, 10, 4, 2020, '2023-01-16 20:46:07', '0000-00-00 00:00:00'),
('CL000666', 'MH09', 'SV035', 9, 1, 5, 2022, '2023-01-16 20:46:07', '0000-00-00 00:00:00'),
('CL000667', 'MH09', 'SV062', 9, 10, 5, 2023, '2023-01-16 20:46:07', '0000-00-00 00:00:00'),
('CL000668', 'MH07', 'SV022', 2, 0, 10, 2021, '2023-01-16 20:46:07', '0000-00-00 00:00:00'),
('CL000669', 'MH04', 'SV089', 2, 10, 2, 2020, '2023-01-16 20:46:07', '0000-00-00 00:00:00'),
('CL000670', 'MH05', 'SV014', 1, 7, 9, 2021, '2023-01-16 20:46:07', '0000-00-00 00:00:00'),
('CL000671', 'MH01', 'SV098', 4, 2, 3, 2021, '2023-01-16 20:46:07', '0000-00-00 00:00:00'),
('CL000672', 'MH02', 'SV020', 10, 0, 0, 2023, '2023-01-16 20:46:07', '0000-00-00 00:00:00'),
('CL000673', 'MH05', 'SV093', 9, 8, 1, 2023, '2023-01-16 20:46:07', '0000-00-00 00:00:00'),
('CL000674', 'MH05', 'SV051', 10, 4, 5, 2020, '2023-01-16 20:46:07', '0000-00-00 00:00:00'),
('CL000675', 'MH06', 'SV038', 10, 8, 4, 2022, '2023-01-16 20:46:07', '0000-00-00 00:00:00'),
('CL000676', 'MH08', 'SV020', 10, 8, 5, 2020, '2023-01-16 20:46:07', '0000-00-00 00:00:00'),
('CL000677', 'MH05', 'SV088', 1, 0, 3, 2020, '2023-01-16 20:46:07', '0000-00-00 00:00:00'),
('CL000678', 'MH02', 'SV033', 5, 9, 5, 2020, '2023-01-16 20:46:07', '0000-00-00 00:00:00'),
('CL000679', 'MH09', 'SV024', 6, 5, 9, 2022, '2023-01-16 20:46:07', '0000-00-00 00:00:00'),
('CL000680', 'MH04', 'SV080', 2, 3, 1, 2020, '2023-01-16 20:46:07', '0000-00-00 00:00:00'),
('CL000681', 'MH02', 'SV021', 7, 4, 2, 2023, '2023-01-16 20:46:07', '0000-00-00 00:00:00'),
('CL000682', 'MH08', 'SV073', 9, 4, 5, 2023, '2023-01-16 20:46:07', '0000-00-00 00:00:00'),
('CL000683', 'MH04', 'SV031', 0, 4, 0, 2020, '2023-01-16 20:46:07', '0000-00-00 00:00:00'),
('CL000684', 'MH03', 'SV009', 6, 8, 4, 2023, '2023-01-16 20:46:07', '0000-00-00 00:00:00'),
('CL000685', 'MH02', 'SV046', 7, 2, 7, 2022, '2023-01-16 20:46:07', '0000-00-00 00:00:00'),
('CL000686', 'MH05', 'SV055', 8, 1, 9, 2022, '2023-01-16 20:46:07', '0000-00-00 00:00:00'),
('CL000687', 'MH04', 'SV091', 4, 7, 6, 2023, '2023-01-16 20:46:07', '0000-00-00 00:00:00'),
('CL000688', 'MH04', 'SV031', 3, 0, 3, 2020, '2023-01-16 20:46:07', '0000-00-00 00:00:00'),
('CL000689', 'MH05', 'SV084', 9, 9, 9, 2022, '2023-01-16 20:46:07', '0000-00-00 00:00:00'),
('CL000690', 'MH03', 'SV086', 9, 3, 9, 2020, '2023-01-16 20:46:07', '0000-00-00 00:00:00'),
('CL000691', 'MH06', 'SV034', 10, 5, 10, 2023, '2023-01-16 20:46:07', '0000-00-00 00:00:00'),
('CL000692', 'MH02', 'SV051', 4, 2, 1, 2022, '2023-01-16 20:46:07', '0000-00-00 00:00:00'),
('CL000693', 'MH08', 'SV028', 2, 9, 10, 2022, '2023-01-16 20:46:07', '0000-00-00 00:00:00'),
('CL000694', 'MH01', 'SV045', 10, 6, 1, 2021, '2023-01-16 20:46:07', '0000-00-00 00:00:00'),
('CL000695', 'MH06', 'SV017', 2, 4, 7, 2022, '2023-01-16 20:46:07', '0000-00-00 00:00:00'),
('CL000696', 'MH04', 'SV046', 3, 10, 5, 2023, '2023-01-16 20:46:07', '0000-00-00 00:00:00'),
('CL000697', 'MH07', 'SV019', 4, 9, 4, 2023, '2023-01-16 20:46:07', '0000-00-00 00:00:00'),
('CL000698', 'MH03', 'SV048', 5, 7, 5, 2022, '2023-01-16 20:46:07', '0000-00-00 00:00:00'),
('CL000699', 'MH09', 'SV058', 10, 2, 4, 2023, '2023-01-16 20:46:07', '0000-00-00 00:00:00'),
('CL000700', 'MH02', 'SV064', 5, 10, 1, 2022, '2023-01-16 20:46:07', '0000-00-00 00:00:00'),
('CL000701', 'MH08', 'SV029', 4, 7, 4, 2020, '2023-01-16 20:46:07', '0000-00-00 00:00:00'),
('CL000702', 'MH03', 'SV091', 10, 10, 3, 2022, '2023-01-16 20:46:07', '0000-00-00 00:00:00'),
('CL000703', 'MH06', 'SV075', 10, 7, 5, 2022, '2023-01-16 20:46:07', '0000-00-00 00:00:00'),
('CL000704', 'MH09', 'SV066', 0, 3, 3, 2022, '2023-01-16 20:46:07', '0000-00-00 00:00:00'),
('CL000705', 'MH03', 'SV029', 6, 9, 3, 2022, '2023-01-16 20:46:07', '0000-00-00 00:00:00'),
('CL000706', 'MH09', 'SV072', 3, 10, 10, 2021, '2023-01-16 20:46:07', '0000-00-00 00:00:00'),
('CL000707', 'MH09', 'SV071', 7, 0, 4, 2022, '2023-01-16 20:46:07', '0000-00-00 00:00:00'),
('CL000708', 'MH07', 'SV033', 10, 9, 7, 2022, '2023-01-16 20:46:07', '0000-00-00 00:00:00'),
('CL000709', 'MH04', 'SV057', 1, 6, 10, 2023, '2023-01-16 20:46:07', '0000-00-00 00:00:00'),
('CL000710', 'MH06', 'SV074', 1, 6, 7, 2023, '2023-01-16 20:46:07', '0000-00-00 00:00:00'),
('CL000711', 'MH01', 'SV008', 5, 7, 0, 2022, '2023-01-16 20:46:07', '0000-00-00 00:00:00'),
('CL000712', 'MH05', 'SV010', 8, 3, 6, 2023, '2023-01-16 20:46:07', '0000-00-00 00:00:00'),
('CL000713', 'MH04', 'SV094', 2, 4, 9, 2023, '2023-01-16 20:46:07', '0000-00-00 00:00:00'),
('CL000714', 'MH09', 'SV004', 0, 5, 7, 2020, '2023-01-16 20:46:07', '0000-00-00 00:00:00'),
('CL000715', 'MH01', 'SV003', 5, 7, 1, 2022, '2023-01-16 20:46:07', '0000-00-00 00:00:00'),
('CL000716', 'MH06', 'SV091', 9, 1, 10, 2021, '2023-01-16 20:46:07', '0000-00-00 00:00:00'),
('CL000717', 'MH03', 'SV071', 10, 2, 9, 2021, '2023-01-16 20:46:07', '0000-00-00 00:00:00'),
('CL000718', 'MH08', 'SV017', 6, 1, 9, 2021, '2023-01-16 20:46:07', '0000-00-00 00:00:00'),
('CL000719', 'MH01', 'SV018', 7, 2, 8, 2023, '2023-01-16 20:46:07', '0000-00-00 00:00:00'),
('CL000720', 'MH03', 'SV033', 5, 5, 0, 2021, '2023-01-16 20:46:07', '0000-00-00 00:00:00'),
('CL000721', 'MH01', 'SV078', 3, 8, 4, 2023, '2023-01-16 20:46:07', '0000-00-00 00:00:00'),
('CL000722', 'MH01', 'SV016', 4, 7, 9, 2020, '2023-01-16 20:46:07', '0000-00-00 00:00:00'),
('CL000723', 'MH02', 'SV031', 0, 4, 8, 2022, '2023-01-16 20:46:07', '0000-00-00 00:00:00'),
('CL000724', 'MH01', 'SV027', 9, 1, 8, 2023, '2023-01-16 20:46:07', '0000-00-00 00:00:00'),
('CL000725', 'MH05', 'SV100', 1, 0, 9, 2021, '2023-01-16 20:46:07', '0000-00-00 00:00:00'),
('CL000726', 'MH03', 'SV042', 6, 1, 2, 2022, '2023-01-16 20:46:07', '0000-00-00 00:00:00'),
('CL000727', 'MH01', 'SV061', 2, 1, 0, 2020, '2023-01-16 20:46:07', '0000-00-00 00:00:00'),
('CL000728', 'MH04', 'SV004', 3, 5, 10, 2020, '2023-01-16 20:46:07', '0000-00-00 00:00:00'),
('CL000729', 'MH08', 'SV009', 6, 6, 1, 2023, '2023-01-16 20:46:07', '0000-00-00 00:00:00'),
('CL000730', 'MH09', 'SV018', 3, 1, 9, 2020, '2023-01-16 20:46:07', '0000-00-00 00:00:00'),
('CL000731', 'MH01', 'SV097', 9, 4, 5, 2021, '2023-01-16 20:46:07', '0000-00-00 00:00:00'),
('CL000732', 'MH01', 'SV016', 1, 10, 1, 2021, '2023-01-16 20:46:07', '0000-00-00 00:00:00'),
('CL000733', 'MH09', 'SV082', 4, 6, 3, 2021, '2023-01-16 20:46:07', '0000-00-00 00:00:00'),
('CL000734', 'MH08', 'SV092', 0, 5, 7, 2022, '2023-01-16 20:46:07', '0000-00-00 00:00:00'),
('CL000735', 'MH01', 'SV053', 6, 2, 2, 2021, '2023-01-16 20:46:07', '0000-00-00 00:00:00'),
('CL000736', 'MH07', 'SV036', 5, 6, 8, 2023, '2023-01-16 20:46:07', '0000-00-00 00:00:00'),
('CL000737', 'MH01', 'SV033', 8, 1, 0, 2020, '2023-01-16 20:46:07', '0000-00-00 00:00:00'),
('CL000738', 'MH09', 'SV012', 6, 3, 0, 2022, '2023-01-16 20:46:07', '0000-00-00 00:00:00'),
('CL000739', 'MH08', 'SV079', 10, 3, 4, 2022, '2023-01-16 20:46:07', '0000-00-00 00:00:00'),
('CL000740', 'MH02', 'SV072', 10, 5, 2, 2021, '2023-01-16 20:46:07', '0000-00-00 00:00:00'),
('CL000741', 'MH01', 'SV055', 4, 10, 4, 2021, '2023-01-16 20:46:07', '0000-00-00 00:00:00'),
('CL000742', 'MH04', 'SV085', 2, 9, 2, 2020, '2023-01-16 20:46:07', '0000-00-00 00:00:00'),
('CL000743', 'MH08', 'SV007', 4, 4, 5, 2023, '2023-01-16 20:46:07', '0000-00-00 00:00:00'),
('CL000744', 'MH03', 'SV029', 4, 8, 0, 2022, '2023-01-16 20:46:07', '0000-00-00 00:00:00'),
('CL000745', 'MH09', 'SV008', 9, 2, 2, 2020, '2023-01-16 20:46:07', '0000-00-00 00:00:00'),
('CL000746', 'MH04', 'SV017', 2, 6, 4, 2020, '2023-01-16 20:46:07', '0000-00-00 00:00:00'),
('CL000747', 'MH06', 'SV076', 4, 1, 7, 2020, '2023-01-16 20:46:07', '0000-00-00 00:00:00'),
('CL000748', 'MH05', 'SV005', 5, 6, 4, 2021, '2023-01-16 20:46:07', '0000-00-00 00:00:00'),
('CL000749', 'MH07', 'SV100', 1, 3, 1, 2023, '2023-01-16 20:46:07', '0000-00-00 00:00:00'),
('CL000750', 'MH07', 'SV047', 6, 0, 0, 2022, '2023-01-16 20:46:07', '0000-00-00 00:00:00'),
('CL000751', 'MH08', 'SV028', 6, 3, 1, 2022, '2023-01-16 20:46:07', '0000-00-00 00:00:00'),
('CL000752', 'MH09', 'SV095', 2, 9, 9, 2022, '2023-01-16 20:46:07', '0000-00-00 00:00:00'),
('CL000753', 'MH05', 'SV050', 1, 2, 7, 2020, '2023-01-16 20:46:07', '0000-00-00 00:00:00'),
('CL000754', 'MH07', 'SV035', 9, 5, 7, 2021, '2023-01-16 20:46:07', '0000-00-00 00:00:00'),
('CL000755', 'MH01', 'SV012', 0, 0, 0, 2020, '2023-01-16 20:46:07', '0000-00-00 00:00:00'),
('CL000756', 'MH01', 'SV050', 8, 1, 0, 2022, '2023-01-16 20:46:07', '0000-00-00 00:00:00'),
('CL000757', 'MH08', 'SV027', 5, 9, 4, 2023, '2023-01-16 20:46:07', '0000-00-00 00:00:00'),
('CL000758', 'MH02', 'SV014', 5, 6, 5, 2022, '2023-01-16 20:46:07', '0000-00-00 00:00:00'),
('CL000759', 'MH08', 'SV046', 3, 3, 5, 2023, '2023-01-16 20:46:07', '0000-00-00 00:00:00'),
('CL000760', 'MH01', 'SV004', 10, 3, 6, 2020, '2023-01-16 20:46:07', '0000-00-00 00:00:00'),
('CL000761', 'MH02', 'SV002', 9, 9, 2, 2020, '2023-01-16 20:46:07', '0000-00-00 00:00:00'),
('CL000762', 'MH07', 'SV024', 7, 5, 9, 2022, '2023-01-16 20:46:07', '0000-00-00 00:00:00'),
('CL000763', 'MH06', 'SV099', 6, 8, 9, 2021, '2023-01-16 20:46:07', '0000-00-00 00:00:00'),
('CL000764', 'MH05', 'SV020', 9, 10, 7, 2022, '2023-01-16 20:46:07', '0000-00-00 00:00:00'),
('CL000765', 'MH07', 'SV037', 3, 10, 10, 2022, '2023-01-16 20:46:07', '0000-00-00 00:00:00'),
('CL000766', 'MH03', 'SV050', 2, 4, 4, 2023, '2023-01-16 20:46:07', '0000-00-00 00:00:00'),
('CL000767', 'MH02', 'SV012', 8, 10, 7, 2021, '2023-01-16 20:46:07', '0000-00-00 00:00:00'),
('CL000768', 'MH01', 'SV047', 6, 4, 10, 2022, '2023-01-16 20:46:07', '0000-00-00 00:00:00'),
('CL000769', 'MH04', 'SV001', 8, 2, 3, 2022, '2023-01-16 20:46:07', '0000-00-00 00:00:00'),
('CL000770', 'MH01', 'SV035', 8, 9, 2, 2022, '2023-01-16 20:46:07', '0000-00-00 00:00:00'),
('CL000771', 'MH01', 'SV078', 5, 5, 7, 2020, '2023-01-16 20:46:07', '0000-00-00 00:00:00'),
('CL000772', 'MH01', 'SV024', 8, 8, 0, 2022, '2023-01-16 20:46:07', '0000-00-00 00:00:00'),
('CL000773', 'MH08', 'SV065', 6, 9, 5, 2023, '2023-01-16 20:46:07', '0000-00-00 00:00:00'),
('CL000774', 'MH07', 'SV009', 1, 7, 0, 2021, '2023-01-16 20:46:07', '0000-00-00 00:00:00'),
('CL000775', 'MH06', 'SV063', 10, 3, 0, 2022, '2023-01-16 20:46:07', '0000-00-00 00:00:00'),
('CL000776', 'MH05', 'SV044', 9, 10, 7, 2021, '2023-01-16 20:46:07', '0000-00-00 00:00:00'),
('CL000777', 'MH03', 'SV042', 8, 1, 10, 2020, '2023-01-16 20:46:07', '0000-00-00 00:00:00'),
('CL000778', 'MH06', 'SV016', 3, 6, 10, 2021, '2023-01-16 20:46:07', '0000-00-00 00:00:00'),
('CL000779', 'MH09', 'SV007', 4, 4, 3, 2021, '2023-01-16 20:46:07', '0000-00-00 00:00:00'),
('CL000780', 'MH02', 'SV014', 5, 8, 7, 2021, '2023-01-16 20:46:07', '0000-00-00 00:00:00'),
('CL000781', 'MH05', 'SV037', 2, 1, 3, 2022, '2023-01-16 20:46:07', '0000-00-00 00:00:00'),
('CL000782', 'MH09', 'SV029', 5, 6, 1, 2023, '2023-01-16 20:46:07', '0000-00-00 00:00:00'),
('CL000783', 'MH01', 'SV069', 7, 4, 4, 2023, '2023-01-16 20:46:07', '0000-00-00 00:00:00'),
('CL000784', 'MH09', 'SV063', 2, 2, 1, 2022, '2023-01-16 20:46:07', '0000-00-00 00:00:00'),
('CL000785', 'MH03', 'SV068', 0, 2, 2, 2020, '2023-01-16 20:46:07', '0000-00-00 00:00:00'),
('CL000786', 'MH07', 'SV057', 2, 1, 6, 2023, '2023-01-16 20:46:07', '0000-00-00 00:00:00'),
('CL000787', 'MH01', 'SV040', 10, 7, 2, 2023, '2023-01-16 20:46:07', '0000-00-00 00:00:00'),
('CL000788', 'MH07', 'SV097', 2, 2, 8, 2020, '2023-01-16 20:46:07', '0000-00-00 00:00:00'),
('CL000789', 'MH06', 'SV006', 10, 4, 3, 2023, '2023-01-16 20:46:07', '0000-00-00 00:00:00'),
('CL000790', 'MH02', 'SV031', 9, 5, 6, 2022, '2023-01-16 20:46:07', '0000-00-00 00:00:00'),
('CL000791', 'MH03', 'SV003', 3, 8, 0, 2021, '2023-01-16 20:46:07', '0000-00-00 00:00:00'),
('CL000792', 'MH07', 'SV084', 3, 1, 9, 2022, '2023-01-16 20:46:07', '0000-00-00 00:00:00'),
('CL000793', 'MH07', 'SV069', 4, 9, 1, 2023, '2023-01-16 20:46:07', '0000-00-00 00:00:00'),
('CL000794', 'MH05', 'SV075', 5, 4, 0, 2022, '2023-01-16 20:46:07', '0000-00-00 00:00:00'),
('CL000795', 'MH02', 'SV008', 7, 1, 3, 2020, '2023-01-16 20:46:07', '0000-00-00 00:00:00'),
('CL000796', 'MH06', 'SV059', 6, 8, 6, 2022, '2023-01-16 20:46:07', '0000-00-00 00:00:00'),
('CL000797', 'MH05', 'SV040', 2, 10, 7, 2021, '2023-01-16 20:46:07', '0000-00-00 00:00:00'),
('CL000798', 'MH04', 'SV074', 3, 10, 3, 2021, '2023-01-16 20:46:07', '0000-00-00 00:00:00'),
('CL000799', 'MH05', 'SV056', 10, 2, 9, 2021, '2023-01-16 20:46:07', '0000-00-00 00:00:00'),
('CL000800', 'MH05', 'SV067', 7, 9, 1, 2021, '2023-01-16 20:46:07', '0000-00-00 00:00:00'),
('CL000801', 'MH07', 'SV025', 5, 6, 6, 2021, '2023-01-16 20:46:07', '0000-00-00 00:00:00'),
('CL000802', 'MH07', 'SV068', 1, 9, 5, 2020, '2023-01-16 20:46:07', '0000-00-00 00:00:00'),
('CL000803', 'MH05', 'SV074', 7, 7, 3, 2020, '2023-01-16 20:46:07', '0000-00-00 00:00:00'),
('CL000804', 'MH04', 'SV082', 10, 4, 9, 2023, '2023-01-16 20:46:07', '0000-00-00 00:00:00'),
('CL000805', 'MH02', 'SV004', 10, 8, 2, 2020, '2023-01-16 20:46:07', '0000-00-00 00:00:00'),
('CL000806', 'MH06', 'SV022', 10, 0, 6, 2022, '2023-01-16 20:46:07', '0000-00-00 00:00:00'),
('CL000807', 'MH05', 'SV076', 3, 2, 9, 2021, '2023-01-16 20:46:07', '0000-00-00 00:00:00'),
('CL000808', 'MH07', 'SV042', 5, 8, 2, 2023, '2023-01-16 20:46:07', '0000-00-00 00:00:00'),
('CL000809', 'MH07', 'SV005', 7, 10, 8, 2023, '2023-01-16 20:46:07', '0000-00-00 00:00:00'),
('CL000810', 'MH01', 'SV046', 8, 3, 7, 2020, '2023-01-16 20:46:07', '0000-00-00 00:00:00'),
('CL000811', 'MH04', 'SV050', 6, 3, 0, 2020, '2023-01-16 20:46:07', '0000-00-00 00:00:00'),
('CL000812', 'MH03', 'SV072', 0, 9, 7, 2023, '2023-01-16 20:46:07', '0000-00-00 00:00:00'),
('CL000813', 'MH09', 'SV004', 6, 9, 0, 2020, '2023-01-16 20:46:07', '0000-00-00 00:00:00'),
('CL000814', 'MH03', 'SV006', 9, 2, 1, 2021, '2023-01-16 20:46:07', '0000-00-00 00:00:00'),
('CL000815', 'MH01', 'SV006', 7, 5, 1, 2021, '2023-01-16 20:46:07', '0000-00-00 00:00:00'),
('CL000816', 'MH04', 'SV074', 3, 9, 8, 2023, '2023-01-16 20:46:07', '0000-00-00 00:00:00'),
('CL000817', 'MH03', 'SV049', 1, 8, 2, 2021, '2023-01-16 20:46:07', '0000-00-00 00:00:00'),
('CL000818', 'MH05', 'SV080', 6, 2, 3, 2020, '2023-01-16 20:46:07', '0000-00-00 00:00:00'),
('CL000819', 'MH09', 'SV092', 3, 6, 7, 2022, '2023-01-16 20:46:07', '0000-00-00 00:00:00'),
('CL000820', 'MH07', 'SV034', 0, 7, 5, 2021, '2023-01-16 20:46:07', '0000-00-00 00:00:00'),
('CL000821', 'MH04', 'SV032', 8, 0, 10, 2023, '2023-01-16 20:46:07', '0000-00-00 00:00:00'),
('CL000822', 'MH01', 'SV039', 1, 6, 4, 2023, '2023-01-16 20:46:07', '0000-00-00 00:00:00'),
('CL000823', 'MH04', 'SV090', 8, 1, 6, 2021, '2023-01-16 20:46:07', '0000-00-00 00:00:00'),
('CL000824', 'MH08', 'SV072', 8, 2, 5, 2021, '2023-01-16 20:46:07', '0000-00-00 00:00:00'),
('CL000825', 'MH01', 'SV001', 3, 6, 10, 2023, '2023-01-16 20:46:07', '0000-00-00 00:00:00'),
('CL000826', 'MH02', 'SV029', 3, 10, 1, 2023, '2023-01-16 20:46:07', '0000-00-00 00:00:00'),
('CL000827', 'MH04', 'SV012', 1, 4, 4, 2023, '2023-01-16 20:46:07', '0000-00-00 00:00:00'),
('CL000828', 'MH04', 'SV100', 6, 5, 5, 2023, '2023-01-16 20:46:07', '0000-00-00 00:00:00'),
('CL000829', 'MH09', 'SV040', 4, 0, 7, 2022, '2023-01-16 20:46:07', '0000-00-00 00:00:00'),
('CL000830', 'MH01', 'SV022', 5, 8, 9, 2020, '2023-01-16 20:46:07', '0000-00-00 00:00:00'),
('CL000831', 'MH04', 'SV099', 3, 4, 6, 2023, '2023-01-16 20:46:07', '0000-00-00 00:00:00'),
('CL000832', 'MH03', 'SV027', 3, 0, 6, 2022, '2023-01-16 20:46:07', '0000-00-00 00:00:00'),
('CL000833', 'MH08', 'SV081', 10, 0, 1, 2022, '2023-01-16 20:46:07', '0000-00-00 00:00:00'),
('CL000834', 'MH02', 'SV027', 4, 5, 0, 2023, '2023-01-16 20:46:07', '0000-00-00 00:00:00'),
('CL000835', 'MH02', 'SV060', 0, 10, 9, 2021, '2023-01-16 20:46:07', '0000-00-00 00:00:00'),
('CL000836', 'MH09', 'SV092', 2, 0, 0, 2022, '2023-01-16 20:46:07', '0000-00-00 00:00:00'),
('CL000837', 'MH08', 'SV054', 8, 2, 8, 2021, '2023-01-16 20:46:07', '0000-00-00 00:00:00'),
('CL000838', 'MH03', 'SV056', 10, 8, 9, 2020, '2023-01-16 20:46:07', '0000-00-00 00:00:00'),
('CL000839', 'MH01', 'SV037', 9, 0, 5, 2023, '2023-01-16 20:46:07', '0000-00-00 00:00:00'),
('CL000840', 'MH07', 'SV024', 7, 2, 6, 2023, '2023-01-16 20:46:07', '0000-00-00 00:00:00'),
('CL000841', 'MH01', 'SV064', 1, 4, 10, 2021, '2023-01-16 20:46:07', '0000-00-00 00:00:00'),
('CL000842', 'MH05', 'SV013', 7, 2, 3, 2020, '2023-01-16 20:46:07', '0000-00-00 00:00:00'),
('CL000843', 'MH03', 'SV031', 8, 7, 6, 2022, '2023-01-16 20:46:07', '0000-00-00 00:00:00'),
('CL000844', 'MH09', 'SV048', 10, 1, 10, 2022, '2023-01-16 20:46:07', '0000-00-00 00:00:00'),
('CL000845', 'MH06', 'SV098', 9, 8, 6, 2021, '2023-01-16 20:46:07', '0000-00-00 00:00:00'),
('CL000846', 'MH01', 'SV039', 8, 2, 3, 2023, '2023-01-16 20:46:07', '0000-00-00 00:00:00'),
('CL000847', 'MH06', 'SV022', 7, 6, 9, 2020, '2023-01-16 20:46:07', '0000-00-00 00:00:00'),
('CL000848', 'MH09', 'SV088', 10, 6, 6, 2023, '2023-01-16 20:46:07', '0000-00-00 00:00:00'),
('CL000849', 'MH02', 'SV043', 1, 7, 7, 2023, '2023-01-16 20:46:07', '0000-00-00 00:00:00'),
('CL000850', 'MH09', 'SV041', 2, 7, 4, 2022, '2023-01-16 20:46:07', '0000-00-00 00:00:00'),
('CL000851', 'MH05', 'SV011', 5, 0, 5, 2020, '2023-01-16 20:46:07', '0000-00-00 00:00:00'),
('CL000852', 'MH08', 'SV048', 5, 6, 3, 2020, '2023-01-16 20:46:07', '0000-00-00 00:00:00'),
('CL000853', 'MH09', 'SV031', 7, 1, 6, 2022, '2023-01-16 20:46:07', '0000-00-00 00:00:00'),
('CL000854', 'MH03', 'SV013', 5, 1, 8, 2022, '2023-01-16 20:46:07', '0000-00-00 00:00:00'),
('CL000855', 'MH05', 'SV032', 1, 10, 5, 2021, '2023-01-16 20:46:07', '0000-00-00 00:00:00'),
('CL000856', 'MH09', 'SV058', 9, 7, 10, 2022, '2023-01-16 20:46:07', '0000-00-00 00:00:00'),
('CL000857', 'MH06', 'SV029', 10, 10, 10, 2022, '2023-01-16 20:46:07', '0000-00-00 00:00:00'),
('CL000858', 'MH04', 'SV036', 3, 3, 3, 2021, '2023-01-16 20:46:07', '0000-00-00 00:00:00'),
('CL000859', 'MH03', 'SV064', 1, 0, 8, 2023, '2023-01-16 20:46:07', '0000-00-00 00:00:00'),
('CL000860', 'MH04', 'SV051', 8, 9, 1, 2021, '2023-01-16 20:46:07', '0000-00-00 00:00:00'),
('CL000861', 'MH06', 'SV070', 1, 0, 0, 2022, '2023-01-16 20:46:07', '0000-00-00 00:00:00'),
('CL000862', 'MH07', 'SV045', 7, 3, 4, 2022, '2023-01-16 20:46:07', '0000-00-00 00:00:00'),
('CL000863', 'MH08', 'SV004', 7, 2, 3, 2023, '2023-01-16 20:46:07', '0000-00-00 00:00:00'),
('CL000864', 'MH04', 'SV020', 7, 9, 3, 2021, '2023-01-16 20:46:07', '0000-00-00 00:00:00'),
('CL000865', 'MH06', 'SV058', 1, 9, 9, 2021, '2023-01-16 20:46:07', '0000-00-00 00:00:00'),
('CL000866', 'MH05', 'SV083', 6, 9, 7, 2023, '2023-01-16 20:46:07', '0000-00-00 00:00:00'),
('CL000867', 'MH01', 'SV046', 9, 2, 2, 2021, '2023-01-16 20:46:07', '0000-00-00 00:00:00'),
('CL000868', 'MH04', 'SV078', 1, 7, 10, 2022, '2023-01-16 20:46:07', '0000-00-00 00:00:00'),
('CL000869', 'MH02', 'SV014', 7, 0, 7, 2020, '2023-01-16 20:46:07', '0000-00-00 00:00:00'),
('CL000870', 'MH03', 'SV087', 0, 1, 1, 2021, '2023-01-16 20:46:07', '0000-00-00 00:00:00'),
('CL000871', 'MH09', 'SV087', 5, 2, 6, 2021, '2023-01-16 20:46:07', '0000-00-00 00:00:00'),
('CL000872', 'MH01', 'SV076', 1, 9, 0, 2022, '2023-01-16 20:46:07', '0000-00-00 00:00:00'),
('CL000873', 'MH07', 'SV075', 3, 6, 10, 2023, '2023-01-16 20:46:07', '0000-00-00 00:00:00'),
('CL000874', 'MH08', 'SV091', 8, 8, 6, 2021, '2023-01-16 20:46:07', '0000-00-00 00:00:00'),
('CL000875', 'MH06', 'SV055', 7, 2, 2, 2022, '2023-01-16 20:46:07', '0000-00-00 00:00:00'),
('CL000876', 'MH07', 'SV009', 0, 9, 10, 2022, '2023-01-16 20:46:07', '0000-00-00 00:00:00'),
('CL000877', 'MH05', 'SV058', 5, 3, 10, 2020, '2023-01-16 20:46:07', '0000-00-00 00:00:00'),
('CL000878', 'MH05', 'SV100', 7, 2, 9, 2020, '2023-01-16 20:46:07', '0000-00-00 00:00:00'),
('CL000879', 'MH03', 'SV024', 3, 10, 2, 2020, '2023-01-16 20:46:07', '0000-00-00 00:00:00'),
('CL000880', 'MH06', 'SV094', 4, 3, 4, 2023, '2023-01-16 20:46:07', '0000-00-00 00:00:00'),
('CL000881', 'MH08', 'SV096', 0, 4, 4, 2020, '2023-01-16 20:46:07', '0000-00-00 00:00:00'),
('CL000882', 'MH07', 'SV080', 1, 10, 8, 2022, '2023-01-16 20:46:07', '0000-00-00 00:00:00'),
('CL000883', 'MH02', 'SV093', 7, 2, 3, 2021, '2023-01-16 20:46:07', '0000-00-00 00:00:00'),
('CL000884', 'MH02', 'SV094', 6, 2, 5, 2022, '2023-01-16 20:46:07', '0000-00-00 00:00:00'),
('CL000885', 'MH04', 'SV040', 5, 10, 6, 2020, '2023-01-16 20:46:07', '0000-00-00 00:00:00'),
('CL000886', 'MH07', 'SV087', 2, 1, 1, 2022, '2023-01-16 20:46:07', '0000-00-00 00:00:00'),
('CL000887', 'MH01', 'SV045', 2, 3, 4, 2022, '2023-01-16 20:46:07', '0000-00-00 00:00:00'),
('CL000888', 'MH03', 'SV088', 1, 1, 5, 2020, '2023-01-16 20:46:07', '0000-00-00 00:00:00'),
('CL000889', 'MH08', 'SV041', 1, 7, 5, 2022, '2023-01-16 20:46:07', '0000-00-00 00:00:00'),
('CL000890', 'MH03', 'SV095', 2, 8, 5, 2022, '2023-01-16 20:46:07', '0000-00-00 00:00:00'),
('CL000891', 'MH04', 'SV036', 0, 7, 5, 2023, '2023-01-16 20:46:07', '0000-00-00 00:00:00'),
('CL000892', 'MH01', 'SV038', 0, 4, 7, 2022, '2023-01-16 20:46:07', '0000-00-00 00:00:00'),
('CL000893', 'MH05', 'SV052', 8, 6, 6, 2023, '2023-01-16 20:46:07', '0000-00-00 00:00:00'),
('CL000894', 'MH04', 'SV075', 2, 9, 2, 2021, '2023-01-16 20:46:07', '0000-00-00 00:00:00'),
('CL000895', 'MH09', 'SV091', 10, 7, 4, 2020, '2023-01-16 20:46:07', '0000-00-00 00:00:00'),
('CL000896', 'MH09', 'SV035', 6, 4, 5, 2021, '2023-01-16 20:46:07', '0000-00-00 00:00:00'),
('CL000897', 'MH06', 'SV100', 10, 4, 0, 2023, '2023-01-16 20:46:07', '0000-00-00 00:00:00'),
('CL000898', 'MH09', 'SV083', 2, 9, 7, 2023, '2023-01-16 20:46:07', '0000-00-00 00:00:00'),
('CL000899', 'MH05', 'SV044', 4, 5, 8, 2023, '2023-01-16 20:46:07', '0000-00-00 00:00:00'),
('CL000900', 'MH06', 'SV010', 3, 4, 10, 2023, '2023-01-16 20:46:07', '0000-00-00 00:00:00'),
('CL000901', 'MH03', 'SV040', 9, 5, 2, 2023, '2023-01-16 20:46:07', '0000-00-00 00:00:00'),
('CL000902', 'MH01', 'SV045', 0, 2, 4, 2021, '2023-01-16 20:46:07', '0000-00-00 00:00:00'),
('CL000903', 'MH07', 'SV079', 7, 9, 9, 2022, '2023-01-16 20:46:07', '0000-00-00 00:00:00'),
('CL000904', 'MH05', 'SV065', 3, 2, 4, 2021, '2023-01-16 20:46:07', '0000-00-00 00:00:00'),
('CL000905', 'MH08', 'SV070', 4, 9, 5, 2023, '2023-01-16 20:46:07', '0000-00-00 00:00:00'),
('CL000906', 'MH09', 'SV019', 3, 0, 8, 2023, '2023-01-16 20:46:07', '0000-00-00 00:00:00'),
('CL000907', 'MH02', 'SV058', 6, 9, 2, 2022, '2023-01-16 20:46:07', '0000-00-00 00:00:00'),
('CL000908', 'MH08', 'SV017', 2, 9, 6, 2021, '2023-01-16 20:46:07', '0000-00-00 00:00:00'),
('CL000909', 'MH03', 'SV098', 0, 8, 5, 2023, '2023-01-16 20:46:07', '0000-00-00 00:00:00'),
('CL000910', 'MH08', 'SV020', 5, 3, 6, 2021, '2023-01-16 20:46:07', '0000-00-00 00:00:00'),
('CL000911', 'MH08', 'SV017', 3, 5, 3, 2022, '2023-01-16 20:46:07', '0000-00-00 00:00:00'),
('CL000912', 'MH04', 'SV047', 0, 5, 0, 2022, '2023-01-16 20:46:07', '0000-00-00 00:00:00'),
('CL000913', 'MH02', 'SV056', 6, 3, 0, 2020, '2023-01-16 20:46:07', '0000-00-00 00:00:00'),
('CL000914', 'MH04', 'SV080', 10, 8, 7, 2020, '2023-01-16 20:46:07', '0000-00-00 00:00:00'),
('CL000915', 'MH06', 'SV028', 7, 10, 10, 2020, '2023-01-16 20:46:07', '0000-00-00 00:00:00'),
('CL000916', 'MH08', 'SV022', 3, 2, 0, 2020, '2023-01-16 20:46:07', '0000-00-00 00:00:00'),
('CL000917', 'MH01', 'SV022', 6, 2, 10, 2022, '2023-01-16 20:46:07', '0000-00-00 00:00:00'),
('CL000918', 'MH04', 'SV029', 5, 6, 4, 2020, '2023-01-16 20:46:07', '0000-00-00 00:00:00'),
('CL000919', 'MH05', 'SV070', 2, 1, 7, 2020, '2023-01-16 20:46:07', '0000-00-00 00:00:00'),
('CL000920', 'MH01', 'SV029', 7, 2, 6, 2020, '2023-01-16 20:46:07', '0000-00-00 00:00:00'),
('CL000921', 'MH04', 'SV027', 10, 1, 6, 2022, '2023-01-16 20:46:07', '0000-00-00 00:00:00'),
('CL000922', 'MH08', 'SV056', 0, 5, 6, 2023, '2023-01-16 20:46:07', '0000-00-00 00:00:00'),
('CL000923', 'MH01', 'SV036', 0, 1, 4, 2023, '2023-01-16 20:46:07', '0000-00-00 00:00:00'),
('CL000924', 'MH02', 'SV048', 8, 0, 9, 2020, '2023-01-16 20:46:07', '0000-00-00 00:00:00'),
('CL000925', 'MH04', 'SV078', 6, 5, 8, 2023, '2023-01-16 20:46:07', '0000-00-00 00:00:00'),
('CL000926', 'MH01', 'SV009', 10, 1, 3, 2022, '2023-01-16 20:46:07', '0000-00-00 00:00:00'),
('CL000927', 'MH06', 'SV069', 8, 1, 2, 2023, '2023-01-16 20:46:07', '0000-00-00 00:00:00'),
('CL000928', 'MH02', 'SV068', 9, 5, 3, 2020, '2023-01-16 20:46:07', '0000-00-00 00:00:00'),
('CL000929', 'MH07', 'SV085', 0, 6, 4, 2020, '2023-01-16 20:46:07', '0000-00-00 00:00:00'),
('CL000930', 'MH06', 'SV084', 4, 0, 2, 2023, '2023-01-16 20:46:07', '0000-00-00 00:00:00'),
('CL000931', 'MH06', 'SV018', 9, 5, 7, 2022, '2023-01-16 20:46:07', '0000-00-00 00:00:00'),
('CL000932', 'MH06', 'SV086', 8, 1, 0, 2022, '2023-01-16 20:46:07', '0000-00-00 00:00:00'),
('CL000933', 'MH04', 'SV096', 7, 3, 7, 2021, '2023-01-16 20:46:07', '0000-00-00 00:00:00'),
('CL000934', 'MH09', 'SV063', 6, 9, 7, 2021, '2023-01-16 20:46:07', '0000-00-00 00:00:00'),
('CL000935', 'MH08', 'SV067', 6, 9, 5, 2022, '2023-01-16 20:46:07', '0000-00-00 00:00:00'),
('CL000936', 'MH07', 'SV084', 3, 8, 10, 2021, '2023-01-16 20:46:07', '0000-00-00 00:00:00'),
('CL000937', 'MH09', 'SV044', 6, 2, 8, 2023, '2023-01-16 20:46:07', '0000-00-00 00:00:00'),
('CL000938', 'MH04', 'SV043', 9, 9, 0, 2022, '2023-01-16 20:46:07', '0000-00-00 00:00:00'),
('CL000939', 'MH08', 'SV099', 6, 5, 0, 2021, '2023-01-16 20:46:07', '0000-00-00 00:00:00'),
('CL000940', 'MH06', 'SV066', 7, 9, 4, 2020, '2023-01-16 20:46:07', '0000-00-00 00:00:00'),
('CL000941', 'MH06', 'SV098', 3, 4, 2, 2022, '2023-01-16 20:46:07', '0000-00-00 00:00:00'),
('CL000942', 'MH03', 'SV043', 5, 8, 7, 2021, '2023-01-16 20:46:07', '0000-00-00 00:00:00'),
('CL000943', 'MH05', 'SV067', 7, 1, 6, 2020, '2023-01-16 20:46:07', '0000-00-00 00:00:00'),
('CL000944', 'MH03', 'SV071', 1, 9, 10, 2020, '2023-01-16 20:46:07', '0000-00-00 00:00:00'),
('CL000945', 'MH04', 'SV051', 3, 7, 9, 2021, '2023-01-16 20:46:07', '0000-00-00 00:00:00'),
('CL000946', 'MH03', 'SV019', 7, 10, 5, 2022, '2023-01-16 20:46:07', '0000-00-00 00:00:00'),
('CL000947', 'MH09', 'SV053', 2, 6, 4, 2021, '2023-01-16 20:46:07', '0000-00-00 00:00:00'),
('CL000948', 'MH04', 'SV071', 5, 7, 6, 2022, '2023-01-16 20:46:07', '0000-00-00 00:00:00'),
('CL000949', 'MH01', 'SV055', 9, 10, 0, 2023, '2023-01-16 20:46:07', '0000-00-00 00:00:00'),
('CL000950', 'MH03', 'SV066', 6, 8, 4, 2020, '2023-01-16 20:46:07', '0000-00-00 00:00:00'),
('CL000951', 'MH01', 'SV020', 3, 4, 9, 2023, '2023-01-16 20:46:07', '0000-00-00 00:00:00'),
('CL000952', 'MH02', 'SV086', 6, 3, 1, 2020, '2023-01-16 20:46:07', '0000-00-00 00:00:00'),
('CL000953', 'MH01', 'SV097', 10, 4, 3, 2022, '2023-01-16 20:46:07', '0000-00-00 00:00:00'),
('CL000954', 'MH01', 'SV009', 8, 6, 6, 2021, '2023-01-16 20:46:07', '0000-00-00 00:00:00'),
('CL000955', 'MH09', 'SV082', 9, 0, 6, 2023, '2023-01-16 20:46:07', '0000-00-00 00:00:00'),
('CL000956', 'MH07', 'SV072', 4, 7, 7, 2023, '2023-01-16 20:46:07', '0000-00-00 00:00:00'),
('CL000957', 'MH05', 'SV086', 0, 3, 6, 2022, '2023-01-16 20:46:07', '0000-00-00 00:00:00'),
('CL000958', 'MH06', 'SV013', 9, 6, 7, 2021, '2023-01-16 20:46:07', '0000-00-00 00:00:00'),
('CL000959', 'MH07', 'SV064', 7, 3, 1, 2023, '2023-01-16 20:46:07', '0000-00-00 00:00:00'),
('CL000960', 'MH03', 'SV096', 9, 7, 1, 2022, '2023-01-16 20:46:07', '0000-00-00 00:00:00'),
('CL000961', 'MH02', 'SV098', 8, 3, 2, 2020, '2023-01-16 20:46:07', '0000-00-00 00:00:00'),
('CL000963', 'MH08', 'SV066', 2, 9, 10, 2020, '2023-01-16 20:46:07', '0000-00-00 00:00:00'),
('CL000964', 'MH07', 'SV072', 1, 7, 9, 2023, '2023-01-16 20:46:07', '0000-00-00 00:00:00'),
('CL000965', 'MH06', 'SV054', 10, 5, 0, 2022, '2023-01-16 20:46:07', '0000-00-00 00:00:00'),
('CL000966', 'MH07', 'SV015', 2, 10, 2, 2023, '2023-01-16 20:46:07', '0000-00-00 00:00:00'),
('CL000967', 'MH08', 'SV039', 4, 10, 8, 2021, '2023-01-16 20:46:07', '0000-00-00 00:00:00'),
('CL000968', 'MH04', 'SV065', 10, 7, 1, 2021, '2023-01-16 20:46:07', '0000-00-00 00:00:00'),
('CL000969', 'MH03', 'SV073', 10, 2, 5, 2022, '2023-01-16 20:46:07', '0000-00-00 00:00:00'),
('CL000970', 'MH02', 'SV041', 2, 4, 2, 2020, '2023-01-16 20:46:07', '0000-00-00 00:00:00'),
('CL000971', 'MH09', 'SV058', 6, 10, 7, 2021, '2023-01-16 20:46:07', '0000-00-00 00:00:00'),
('CL000972', 'MH01', 'SV085', 0, 5, 3, 2020, '2023-01-16 20:46:07', '0000-00-00 00:00:00'),
('CL000973', 'MH07', 'SV002', 9, 7, 10, 2022, '2023-01-16 20:46:07', '0000-00-00 00:00:00'),
('CL000974', 'MH08', 'SV082', 9, 9, 9, 2020, '2023-01-16 20:46:07', '0000-00-00 00:00:00'),
('CL000975', 'MH08', 'SV051', 6, 3, 3, 2023, '2023-01-16 20:46:07', '0000-00-00 00:00:00'),
('CL000976', 'MH09', 'SV085', 5, 10, 10, 2022, '2023-01-16 20:46:07', '0000-00-00 00:00:00'),
('CL000977', 'MH03', 'SV068', 3, 4, 1, 2020, '2023-01-16 20:46:07', '0000-00-00 00:00:00'),
('CL000978', 'MH01', 'SV012', 1, 7, 0, 2020, '2023-01-16 20:46:07', '0000-00-00 00:00:00'),
('CL000979', 'MH05', 'SV084', 1, 9, 7, 2020, '2023-01-16 20:46:07', '0000-00-00 00:00:00'),
('CL000980', 'MH03', 'SV019', 2, 9, 0, 2020, '2023-01-16 20:46:07', '0000-00-00 00:00:00'),
('CL000981', 'MH07', 'SV021', 1, 5, 10, 2021, '2023-01-16 20:46:07', '0000-00-00 00:00:00'),
('CL000982', 'MH08', 'SV031', 4, 8, 7, 2023, '2023-01-16 20:46:07', '0000-00-00 00:00:00'),
('CL000983', 'MH02', 'SV084', 1, 2, 2, 2020, '2023-01-16 20:46:07', '0000-00-00 00:00:00'),
('CL000984', 'MH02', 'SV036', 0, 6, 1, 2022, '2023-01-16 20:46:07', '0000-00-00 00:00:00'),
('CL000985', 'MH05', 'SV026', 2, 5, 9, 2023, '2023-01-16 20:46:07', '0000-00-00 00:00:00'),
('CL000986', 'MH07', 'SV076', 2, 10, 8, 2020, '2023-01-16 20:46:07', '0000-00-00 00:00:00'),
('CL000987', 'MH04', 'SV084', 5, 0, 4, 2022, '2023-01-16 20:46:07', '0000-00-00 00:00:00'),
('CL000988', 'MH02', 'SV071', 5, 5, 5, 2021, '2023-01-16 20:46:07', '0000-00-00 00:00:00'),
('CL000989', 'MH07', 'SV083', 1, 4, 0, 2023, '2023-01-16 20:46:07', '0000-00-00 00:00:00'),
('CL000991', 'MH01', 'SV031', 8, 0, 8, 2020, '2023-01-16 20:46:07', '0000-00-00 00:00:00'),
('CL000992', 'MH03', 'SV070', 1, 6, 8, 2020, '2023-01-16 20:46:07', '0000-00-00 00:00:00'),
('CL000993', 'MH06', 'SV049', 10, 4, 4, 2021, '2023-01-16 20:46:07', '0000-00-00 00:00:00'),
('CL000994', 'MH08', 'SV052', 7, 7, 4, 2023, '2023-01-16 20:46:07', '0000-00-00 00:00:00'),
('CL000995', 'MH06', 'SV002', 8, 0, 10, 2023, '2023-01-16 20:46:07', '0000-00-00 00:00:00'),
('CL000996', 'MH05', 'SV086', 6, 3, 10, 2020, '2023-01-16 20:46:07', '0000-00-00 00:00:00'),
('CL000997', 'MH06', 'SV050', 8, 1, 9, 2021, '2023-01-16 20:46:07', '0000-00-00 00:00:00'),
('CL000998', 'MH08', 'SV047', 6, 8, 6, 2022, '2023-01-16 20:46:07', '0000-00-00 00:00:00'),
('CL000999', 'MH09', 'SV065', 10, 10, 3, 2020, '2023-01-16 20:46:07', '0000-00-00 00:00:00'),
('CL001000', 'MH09', 'SV100', 0, 8, 9, 2023, '2023-01-16 20:46:07', '0000-00-00 00:00:00'),
('CL001001', 'MH09', 'SV007', 7, 3, 6, 2020, '2023-01-16 20:46:07', '0000-00-00 00:00:00');

-- --------------------------------------------------------

--
-- Cấu trúc bảng cho bảng `role`
--

CREATE TABLE `role` (
  `ID` varchar(50) NOT NULL,
  `name` varchar(50) NOT NULL
) ENGINE=InnoDB DEFAULT CHARSET=utf8mb4;

--
-- Đang đổ dữ liệu cho bảng `role`
--

INSERT INTO `role` (`ID`, `name`) VALUES
('r1', 'admin'),
('r2', 'student');

-- --------------------------------------------------------

--
-- Cấu trúc bảng cho bảng `subject`
--

CREATE TABLE `subject` (
  `ID` varchar(50) NOT NULL,
  `name` varchar(250) NOT NULL,
  `create_at` datetime NOT NULL DEFAULT current_timestamp(),
  `update_at` datetime NOT NULL DEFAULT '0000-00-00 00:00:00' ON UPDATE current_timestamp()
) ENGINE=InnoDB DEFAULT CHARSET=utf8mb4;

--
-- Đang đổ dữ liệu cho bảng `subject`
--

INSERT INTO `subject` (`ID`, `name`, `create_at`, `update_at`) VALUES
('MH01', 'Ngữ Văn', '2023-01-16 05:13:57', '0000-00-00 00:00:00'),
('MH02', 'Toán', '2023-01-16 05:13:57', '0000-00-00 00:00:00'),
('MH03', 'Lịch Sử', '2023-01-16 05:13:57', '0000-00-00 00:00:00'),
('MH04', 'Địa Lý', '2023-01-16 05:13:57', '0000-00-00 00:00:00'),
('MH05', 'Vật Lý', '2023-01-16 05:13:57', '0000-00-00 00:00:00'),
('MH06', 'Hóa Học', '2023-01-16 05:13:57', '0000-00-00 00:00:00'),
('MH07', 'Sinh Học', '2023-01-16 05:13:57', '0000-00-00 00:00:00'),
('MH08', 'Tiếng Anh', '2023-01-16 05:13:57', '0000-00-00 00:00:00'),
('MH09', 'Tin học', '2023-01-16 05:13:57', '0000-00-00 00:00:00');

-- --------------------------------------------------------

--
-- Cấu trúc bảng cho bảng `user`
--

CREATE TABLE `user` (
  `ID` varchar(50) NOT NULL,
  `firstname` varchar(250) NOT NULL,
  `lastname` varchar(250) NOT NULL,
  `email` varchar(250) NOT NULL,
  `role_id` varchar(50) NOT NULL,
  `password` varchar(50) NOT NULL,
  `sex` int(2) DEFAULT -1,
  `birthday` date DEFAULT NULL,
  `address` varchar(250) NOT NULL,
  `create_at` datetime NOT NULL DEFAULT current_timestamp(),
  `update_at` datetime NOT NULL DEFAULT '0000-00-00 00:00:00' ON UPDATE current_timestamp()
) ENGINE=InnoDB DEFAULT CHARSET=utf8mb4;

--
-- Đang đổ dữ liệu cho bảng `user`
--

INSERT INTO `user` (`ID`, `firstname`, `lastname`, `email`, `role_id`, `password`, `sex`, `birthday`, `address`, `create_at`, `update_at`) VALUES
('SV000', 'Giang', 'Nguyễn Thị Hà', 'gianggiang@gmail.com', 'r1', 'password', 1, '2004-03-19', 'Huế', '2023-01-16 07:34:14', '2023-01-17 23:25:40'),
('SV001', 'Hồng Bích', 'Nguyễn Văn', 'bichnguyenvan864@gmail.com', 'r2', '8Y1EyS2b', 1, '1996-03-25', 'Hồ Chí Minh', '2023-01-16 07:36:52', '2023-01-17 23:27:26'),
('SV002', 'Bích', 'Trần Thị', 'bichtranthi346@gmail.com', 'r2', '0ndUbhdt', 1, '1990-07-16', 'Hải Phòng', '2023-01-16 07:36:52', '2023-01-17 23:33:59'),
('SV003', 'Quốc Bình', 'Hồ Văn', 'binhhovan523@gmail.com', 'r2', '4c.cYwop', 1, '1991-10-24', 'Hồ Chí Minh', '2023-01-16 07:36:52', '2023-01-17 23:33:59'),
('SV005', 'Hoa', 'Trần Thị', 'hoatranthi443@gmail.com', 'r2', '32M9skJ8', 1, '2003-05-05', 'Bình Dương', '2023-01-16 07:36:52', '2023-01-17 23:27:26'),
('SV006', 'Hoa', 'Phạm Văn', 'hoaphamvan616@gmail.com', 'r2', 'h.hFd65l', 0, '2004-12-03', 'Hà Nội', '2023-01-16 07:36:52', '2023-01-18 11:15:20'),
('SV007', 'Hồng', 'Nguyễn Ngọc', 'hongnguyenngoc133@gmail.com', 'r2', 'f8XOY7.x', 0, '1994-09-15', 'Vũng Tàu', '2023-01-16 07:36:52', '2023-01-17 23:33:59'),
('SV008', 'Bằng', 'Lê Thị', 'banglethi706@gmail.com', 'r2', 'RG.eKd0s', 1, '2001-11-07', 'Đà Nẵng', '2023-01-16 07:36:52', '2023-01-17 23:27:26'),
('SV009', 'Phương', 'Hồ Bảo', 'phuonghobao351@gmail.com', 'r2', 'c9kiFs@@', 0, '1994-10-22', 'Hà Nội', '2023-01-16 07:36:52', '2023-01-17 23:27:26'),
('SV010', 'Vy', 'Lê Thị', 'vylethi340@gmail.com', 'r2', 'Ob4usAU5', 1, '1992-11-03', 'Huế', '2023-01-16 07:36:52', '2023-01-17 23:27:26'),
('SV011', 'Anh', 'Phạm Văn', 'anhphamvan166@gmail.com', 'r2', 'MqrN1WPI', 1, '1992-05-11', 'Đà Nẵng', '2023-01-16 07:36:52', '2023-01-17 23:27:26'),
('SV012', 'Lan', 'Phạm Thị', 'lanphamthi787@gmail.com', 'r2', 'k95Mh@Xu', 0, '2003-12-13', 'Bình Dương', '2023-01-16 07:36:52', '2023-01-17 23:33:59'),
('SV013', 'Hùng', 'Nguyễn Văn', 'hungnguyenvan866@gmail.com', 'r2', 'BNFuVPNL', 0, '1997-08-18', 'Hà Nội', '2023-01-16 07:36:52', '2023-01-17 23:27:26'),
('SV014', 'Bích', 'Hồ Thị', 'bichhothi843@gmail.com', 'r2', 'YqMfJ4QM', 0, '1995-07-16', 'Nha Trang', '2023-01-16 07:36:52', '2023-01-17 23:27:26'),
('SV015', 'Hằng', 'Hồ Bảo', 'hanghobao107@gmail.com', 'r2', 'QSuQwJU1', 1, '1995-11-05', 'Đà Nẵng', '2023-01-16 07:36:52', '2023-01-17 23:27:26'),
('SV016', 'Chi', 'Lê Thị', 'chilethi486@gmail.com', 'r2', '13Wjnh-x', 1, '1993-03-12', 'Bình Dương', '2023-01-16 07:36:52', '2023-01-17 23:27:26'),
('SV017', 'Hải', 'Hồ Thị', 'haihothi912@gmail.com', 'r2', 'iVTJqgAt', 1, '2003-11-14', 'Đà Nẵng', '2023-01-16 07:36:52', '2023-01-17 23:33:59'),
('SV018', 'Hồng', 'Lê Thị', 'honglethi176@gmail.com', 'r2', 'Ipw1blNC', 0, '1992-02-10', 'Hồ Chí Minh', '2023-01-16 07:36:52', '2023-01-17 23:33:59'),
('SV019', 'Hưng', 'Phạm Văn', 'hungphamvan412@gmail.com', 'r2', 'mSi54FEI', 1, '2003-10-06', 'Bình Thuận', '2023-01-16 07:36:52', '2023-01-17 23:27:26'),
('SV020', 'Bằng', 'Nguyễn Ngọc', 'bangnguyenngoc598@gmail.com', 'r2', 'ccx.D@NJ', 1, '1992-05-17', 'Huế', '2023-01-16 07:36:52', '2023-01-17 23:33:59'),
('SV021', 'Hải', 'Trần Văn', 'haitranvan177@gmail.com', 'r2', '@3xTpnBi', 1, '2004-06-09', 'Bình Thuận', '2023-01-16 07:36:52', '2023-01-17 23:33:59'),
('SV022', 'Hạnh', 'Nguyễn Thị', 'hanhnguyenthi477@gmail.com', 'r2', '-Jnu6YU.', 1, '1991-03-16', 'Vũng Tàu', '2023-01-16 07:36:52', '2023-01-17 23:27:26'),
('SV023', 'Anh', 'Phạm Thị', 'anhphamthi116@gmail.com', 'r2', '9tVULq7G', 1, '1993-05-20', 'Hải Phòng', '2023-01-16 07:36:52', '2023-01-17 23:27:26'),
('SV024', 'Hồng', 'Trần Văn', 'hongtranvan304@gmail.com', 'r2', '1e5QtgpE', 0, '1990-10-19', 'Cần Thơ', '2023-01-16 07:36:52', '2023-01-17 23:27:26'),
('SV025', 'Hoa', 'Hồ Thị', 'hoahothi101@gmail.com', 'r2', '3VunQlje', 0, '2001-08-09', 'Cần Thơ', '2023-01-16 07:36:52', '2023-01-17 23:33:59'),
('SV026', 'Hoa', 'Trần Thị', 'hoatranthi691@gmail.com', 'r2', 'hYHYjOBw', 0, '1997-03-17', 'Vũng Tàu', '2023-01-16 07:36:52', '2023-01-17 23:33:59'),
('SV027', 'Hạnh', 'Nguyễn Thị', 'hanhnguyenthi206@gmail.com', 'r2', 'givll11r', 0, '1997-04-22', 'Hà Nội', '2023-01-16 07:36:52', '2023-01-17 23:33:59'),
('SV028', 'Hằng', 'Hồ Văn', 'hanghovan610@gmail.com', 'r2', 'Jk8B33G-', 0, '1993-01-24', 'Đà Nẵng', '2023-01-16 07:36:52', '2023-01-17 23:27:26'),
('SV029', 'Hằng', 'Trần Thị', 'hangtranthi199@gmail.com', 'r2', '0Ti1Da6X', 1, '1999-05-09', 'Hải Phòng', '2023-01-16 07:36:52', '2023-01-17 23:33:59'),
('SV030', 'Anh', 'Trần Huy', 'anhtranhuy150@gmail.com', 'r2', 'z2cYg8qr', 1, '1997-02-11', 'Bình Thuận', '2023-01-16 07:36:52', '2023-01-17 23:27:26'),
('SV031', 'Lan', 'Lê Thị', 'lanlethi332@gmail.com', 'r2', 'ATn2cPyf', 0, '2002-03-17', 'Cần Thơ', '2023-01-16 07:36:52', '2023-01-17 23:33:59'),
('SV032', 'Chi', 'Trần Huy', 'chitranhuy272@gmail.com', 'r2', 'nnsaoPEc', 0, '1996-08-22', 'Bình Dương', '2023-01-16 07:36:52', '2023-01-17 23:27:26'),
('SV033', 'Bích', 'Lê Văn', 'bichlevan743@gmail.com', 'r2', 'mtTRSW26', 1, '2001-03-12', 'Hà Nội', '2023-01-16 07:36:52', '2023-01-17 23:27:26'),
('SV034', 'Bằng', 'Nguyễn Văn', 'bangnguyenvan624@gmail.com', 'r2', 'd1Ds6tt-', 1, '1995-06-12', 'Hà Nội', '2023-01-16 07:36:52', '2023-01-17 23:27:26'),
('SV035', 'Hồng', 'Trần Văn', 'hongtranvan585@gmail.com', 'r2', 'HP.OD-ho', 0, '1995-05-15', 'Hà Nội', '2023-01-16 07:36:52', '2023-01-17 23:33:59'),
('SV036', 'Hạnh', 'Hồ Thị', 'hanhhothi144@gmail.com', 'r2', 'GCKNCFxb', 1, '1992-09-17', 'Bình Dương', '2023-01-16 07:36:52', '2023-01-17 23:33:59'),
('SV037', 'Cường', 'Trần Huy', 'cuongtranhuy223@gmail.com', 'r2', 'N.F5as7O', 1, '2002-09-17', 'Hải Phòng', '2023-01-16 07:36:52', '2023-01-17 23:27:26'),
('SV038', 'Châu', 'Hồ Bảo', 'chauhobao748@gmail.com', 'r2', 'cOMVZlg2', 0, '2002-08-24', 'Vũng Tàu', '2023-01-16 07:36:52', '2023-01-17 23:27:26'),
('SV039', 'Chi', 'Phạm Thị', 'chiphamthi545@gmail.com', 'r2', '5mxTnv2t', 0, '1997-05-02', 'Vũng Tàu', '2023-01-16 07:36:52', '2023-01-17 23:27:26'),
('SV040', 'Huy', 'Hồ Bảo', 'huyhobao285@gmail.com', 'r2', 'JOL7c1z@', 1, '1994-04-13', 'Vũng Tàu', '2023-01-16 07:36:52', '2023-01-17 23:27:26'),
('SV041', 'Vy', 'Trần Huy', 'vytranhuy964@gmail.com', 'r2', '4PuiYAiM', 1, '1998-01-14', 'Hà Nội', '2023-01-16 07:36:52', '2023-01-17 23:33:59'),
('SV042', 'Hưng', 'Trần Thị', 'hungtranthi208@gmail.com', 'r2', 'q8nnBsbE', 0, '1995-09-06', 'Hải Phòng', '2023-01-16 07:36:52', '2023-01-17 23:33:59'),
('SV043', 'Anh', 'Nguyễn Thị', 'anhnguyenthi116@gmail.com', 'r2', 'znJ.6ghy', 0, '2000-12-10', 'Hải Phòng', '2023-01-16 07:36:52', '2023-01-17 23:33:59'),
('SV044', 'Hồng', 'Hồ Bảo', 'honghobao867@gmail.com', 'r2', 'iUT@wmph', 1, '2000-10-01', 'Huế', '2023-01-16 07:36:52', '2023-01-17 23:33:59'),
('SV045', 'Quân', 'Nguyễn Ngọc', 'quannguyenngoc643@gmail.com', 'r2', 'DOQQbtkv', 0, '1996-08-07', 'Hồ Chí Minh', '2023-01-16 07:36:52', '2023-01-17 23:33:59'),
('SV046', 'Hưng', 'Trần Văn', 'hungtranvan844@gmail.com', 'r2', 'BpDUXumG', 1, '2003-01-08', 'Vũng Tàu', '2023-01-16 07:36:52', '2023-01-17 23:33:59'),
('SV047', 'Phương', 'Trần Văn', 'phuongtranvan572@gmail.com', 'r2', '26B77CVP', 0, '1994-02-09', 'Bình Dương', '2023-01-16 07:36:52', '2023-01-17 23:27:26'),
('SV048', 'Hoa', 'Trần Văn', 'hoatranvan122@gmail.com', 'r2', 'mGPramX9', 0, '1994-12-13', 'Huế', '2023-01-16 07:36:52', '2023-01-17 23:33:59'),
('SV049', 'Quân', 'Lê Thị', 'quanlethi490@gmail.com', 'r2', 'A8HoVBrm', 1, '2004-01-04', 'Huế', '2023-01-16 07:36:52', '2023-01-17 23:33:59'),
('SV050', 'An', 'Hồ Bảo', 'anhobao998@gmail.com', 'r2', 'bj-IP-qd', 0, '1991-12-23', 'Bình Thuận', '2023-01-16 07:36:52', '2023-01-17 23:27:26'),
('SV051', 'Bình', 'Trần Huy', 'binhtranhuy282@gmail.com', 'r2', 'BLJ9WtSh', 0, '1992-03-24', 'Đà Nẵng', '2023-01-16 07:36:52', '2023-01-17 23:27:26'),
('SV052', 'Bình', 'Nguyễn Khánh', 'binhnguyenkhanh159@gmail.com', 'r2', 'okQhoAZY', 1, '2002-07-16', 'Bình Thuận', '2023-01-16 07:36:52', '2023-01-17 23:33:59'),
('SV053', 'Bích', 'Trần Thị', 'bichtranthi388@gmail.com', 'r2', 'cTfUEngz', 1, '1991-08-11', 'Đà Nẵng', '2023-01-16 07:36:52', '2023-01-17 23:33:59'),
('SV054', 'Hoa', 'Lê Văn', 'hoalevan436@gmail.com', 'r2', 'IdcwwC85', 1, '1996-11-23', 'Nha Trang', '2023-01-16 07:36:52', '2023-01-17 23:27:26'),
('SV055', 'Hải', 'Phạm Văn', 'haiphamvan168@gmail.com', 'r2', '7UePJ8T-', 0, '1996-07-01', 'Nha Trang', '2023-01-16 07:36:52', '2023-01-17 23:33:59'),
('SV056', 'Hiệu', 'Nguyễn Thị', 'hieunguyenthi242@gmail.com', 'r2', '78.WfAiP', 1, '1990-06-05', 'Huế', '2023-01-16 07:36:52', '2023-01-17 23:33:59'),
('SV057', 'Hương', 'Phạm Văn', 'huongphamvan748@gmail.com', 'r2', 'xOuTMn5O', 1, '2001-10-20', 'Huế', '2023-01-16 07:36:52', '2023-01-17 23:33:59'),
('SV058', 'Bích', 'Lê Văn', 'bichlevan240@gmail.com', 'r2', '.MPd.bRD', 0, '1997-12-24', 'Vũng Tàu', '2023-01-16 07:36:52', '2023-01-17 23:33:59'),
('SV059', 'Hồng', 'Nguyễn Ngọc', 'hongnguyenngoc989@gmail.com', 'r2', 'QPHb27pK', 0, '1998-05-23', 'Hồ Chí Minh', '2023-01-16 07:36:52', '2023-01-17 23:27:26'),
('SV060', 'Hùng', 'Hồ Thị', 'hunghothi735@gmail.com', 'r2', 'Gn-nTfn1', 0, '2004-05-25', 'Huế', '2023-01-16 07:36:52', '2023-01-17 23:33:59'),
('SV061', 'Hưng', 'Lê Thị', 'hunglethi983@gmail.com', 'r2', 'MxxEUBTY', 0, '1993-12-20', 'Bình Thuận', '2023-01-16 07:36:52', '2023-01-17 23:33:59'),
('SV062', 'Quân', 'Nguyễn Thị', 'quannguyenthi237@gmail.com', 'r2', 'yfJO@187', 1, '2000-11-14', 'Huế', '2023-01-16 07:36:52', '2023-01-17 23:33:59'),
('SV063', 'Chi', 'Phạm Thị', 'chiphamthi922@gmail.com', 'r2', 'ILl-m781', 1, '1995-12-04', 'Vũng Tàu', '2023-01-16 07:36:52', '2023-01-17 23:27:26'),
('SV064', 'Hoa', 'Hồ Thị', 'hoahothi602@gmail.com', 'r2', '28Bob1Xn', 0, '1993-03-23', 'Đà Nẵng', '2023-01-16 07:36:52', '2023-01-17 23:33:59'),
('SV065', 'Bằng', 'Phạm Thị', 'bangphamthi623@gmail.com', 'r2', 'Qo-RLJUq', 0, '1997-11-19', 'Bình Dương', '2023-01-16 07:36:52', '2023-01-17 23:33:59'),
('SV066', 'Hưng', 'Nguyễn Khánh', 'hungnguyenkhanh615@gmail.com', 'r2', 'DHaJBt5s', 0, '1991-06-26', 'Huế', '2023-01-16 07:36:52', '2023-01-17 23:27:26'),
('SV067', 'Bằng', 'Trần Thị', 'bangtranthi941@gmail.com', 'r2', '@ww.evUN', 1, '1998-02-16', 'Hà Nội', '2023-01-16 07:36:52', '2023-01-17 23:27:26'),
('SV068', 'Phương', 'Trần Thị', 'phuongtranthi263@gmail.com', 'r2', 'ywC7H6v4', 1, '1997-03-05', 'Hà Nội', '2023-01-16 07:36:52', '2023-01-17 23:27:26'),
('SV069', 'Hương', 'Hồ Bảo', 'huonghobao208@gmail.com', 'r2', 'oHghg8UX', 1, '2002-09-02', 'Hồ Chí Minh', '2023-01-16 07:36:52', '2023-01-17 23:27:26'),
('SV070', 'Huy', 'Trần Thị', 'huytranthi174@gmail.com', 'r2', '3bnuba@j', 1, '1995-08-09', 'Hà Nội', '2023-01-16 07:36:52', '2023-01-17 23:33:59'),
('SV071', 'Vy', 'Phạm Văn', 'vyphamvan850@gmail.com', 'r2', '3Ia9V@rY', 0, '1993-09-25', 'Hà Nội', '2023-01-16 07:36:52', '2023-01-17 23:27:26'),
('SV072', 'Hoa', 'Nguyễn Khánh', 'hoanguyenkhanh995@gmail.com', 'r2', 'jDS8PBZn', 1, '1992-09-03', 'Vũng Tàu', '2023-01-16 07:36:52', '2023-01-17 23:33:59'),
('SV073', 'Huy', 'Nguyễn Khánh', 'huynguyenkhanh997@gmail.com', 'r2', '-CWpecYR', 0, '1992-06-10', 'Huế', '2023-01-16 07:36:52', '2023-01-17 23:27:26'),
('SV074', 'Hưng', 'Hồ Thị', 'hunghothi489@gmail.com', 'r2', 'KdHEwGqC', 1, '2004-09-14', 'Hồ Chí Minh', '2023-01-16 07:36:52', '2023-01-17 23:33:59'),
('SV075', 'Hồng', 'Lê Thị', 'honglethi439@gmail.com', 'r2', 'rS.WzM00', 1, '1995-09-25', 'Hải Phòng', '2023-01-16 07:36:52', '2023-01-17 23:33:59'),
('SV076', 'Huy', 'Trần Văn', 'huytranvan421@gmail.com', 'r2', 'F3xqDPzV', 0, '1995-02-03', 'Cần Thơ', '2023-01-16 07:36:52', '2023-01-17 23:33:59'),
('SV077', 'Hạnh', 'Trần Huy', 'hanhtranhuy694@gmail.com', 'r2', 'sop5T9HH', 0, '2000-11-22', 'Hà Nội', '2023-01-16 07:36:52', '2023-01-17 23:27:26'),
('SV078', 'Bình', 'Hồ Văn', 'binhhovan770@gmail.com', 'r2', 'YTCZHpNB', 1, '1996-03-08', 'Hồ Chí Minh', '2023-01-16 07:36:52', '2023-01-17 23:33:59'),
('SV079', 'Châu', 'Trần Thị', 'chautranthi686@gmail.com', 'r2', 'XeO8ZC5z', 0, '2001-08-16', 'Nha Trang', '2023-01-16 07:36:52', '2023-01-17 23:33:59'),
('SV080', 'Phi', 'Hồ Văn', 'phihovan468@gmail.com', 'r2', 'ts4vYKK8', 0, '2002-10-04', 'Hải Phòng', '2023-01-16 07:36:52', '2023-01-17 23:33:59'),
('SV081', 'Chi', 'Trần Thị', 'chitranthi168@gmail.com', 'r2', 'xVDTyUoy', 0, '1996-09-28', 'Bình Thuận', '2023-01-16 07:36:52', '2023-01-17 23:27:26'),
('SV082', 'Hiệu', 'Nguyễn Ngọc', 'hieunguyenngoc308@gmail.com', 'r2', 'AFFd1K36', 0, '1993-10-19', 'Bình Thuận', '2023-01-16 07:36:52', '2023-01-17 23:33:59'),
('SV083', 'Hương', 'Phạm Văn', 'huongphamvan508@gmail.com', 'r2', 'E3cX4V5Z', 1, '1991-03-19', 'Bình Thuận', '2023-01-16 07:36:52', '2023-01-17 23:33:59'),
('SV084', 'Hải', 'Lê Thị', 'hailethi124@gmail.com', 'r2', 'X2boiroy', 0, '2004-06-28', 'Đà Nẵng', '2023-01-16 07:36:52', '2023-01-17 23:33:59'),
('SV085', 'Hạnh', 'Phạm Thị', 'hanhphamthi416@gmail.com', 'r2', 'pQjdnwnz', 1, '1992-04-20', 'Đà Nẵng', '2023-01-16 07:36:52', '2023-01-17 23:27:26'),
('SV086', 'Huy', 'Phạm Thị', 'huyphamthi960@gmail.com', 'r2', 'jnLPdVc5', 0, '1997-01-13', 'Nha Trang', '2023-01-16 07:36:52', '2023-01-17 23:27:26'),
('SV087', 'Anh', 'Trần Thị', 'anhtranthi619@gmail.com', 'r2', 'qoazUuQp', 1, '1991-01-01', 'Hải Phòng', '2023-01-16 07:36:52', '2023-01-17 23:27:26'),
('SV088', 'Phương', 'Nguyễn Khánh', 'phuongnguyenkhanh676@gmail.com', 'r2', 'nGmBLv3a', 0, '1994-03-18', 'Bình Dương', '2023-01-16 07:36:52', '2023-01-17 23:27:26'),
('SV089', 'An', 'Lê Thị', 'anlethi360@gmail.com', 'r2', 'pqd6P-KI', 1, '2004-12-04', 'Bình Dương', '2023-01-16 07:36:52', '2023-01-17 23:33:59'),
('SV090', 'Hải', 'Nguyễn Thị', 'hainguyenthi379@gmail.com', 'r2', '1dnJrZEq', 0, '1991-11-18', 'Nha Trang', '2023-01-16 07:36:52', '2023-01-17 23:33:59'),
('SV091', 'Hùng', 'Phạm Văn', 'hungphamvan410@gmail.com', 'r2', 'sfWC39fy', 1, '1996-05-21', 'Cần Thơ', '2023-01-16 07:36:52', '2023-01-17 23:33:59'),
('SV092', 'Cường', 'Trần Văn', 'cuongtranvan100@gmail.com', 'r2', 'a9B5jwb1', 1, '1993-07-06', 'Huế', '2023-01-16 07:36:52', '2023-01-17 23:33:59'),
('SV093', 'Huy', 'Nguyễn Văn', 'huynguyenvan805@gmail.com', 'r2', 'VPDRbkRE', 1, '1992-05-05', 'Hải Phòng', '2023-01-16 07:36:52', '2023-01-17 23:27:26'),
('SV094', 'Bằng', 'Hồ Văn', 'banghovan903@gmail.com', 'r2', 'H8elqgU3', 0, '2000-06-13', 'Hải Phòng', '2023-01-16 07:36:52', '2023-01-17 23:33:59'),
('SV095', 'Hạnh', 'Trần Thị', 'hanhtranthi762@gmail.com', 'r2', '4UXACdGV', 0, '2000-11-26', 'Đà Nẵng', '2023-01-16 07:36:52', '2023-01-17 23:33:59'),
('SV096', 'Phi', 'Lê Văn', 'philevan123@gmail.com', 'r2', 'ux1vy3l-', 1, '1995-07-08', 'Hải Phòng', '2023-01-16 07:36:52', '2023-01-17 23:33:59'),
('SV097', 'Quân', 'Hồ Thị', 'quanhothi343@gmail.com', 'r2', 'CdxkKZJm', 1, '1994-07-22', 'Cần Thơ', '2023-01-16 07:36:52', '2023-01-17 23:33:59'),
('SV098', 'Giang', 'Nguyễn Khánh', 'giangnguyenkhanh828@gmail.com', 'r2', 'lsuWc38y', 1, '2000-10-27', 'Nha Trang', '2023-01-16 07:36:52', '2023-01-17 23:33:59'),
('SV099', 'Hồng', 'Nguyễn Văn', 'hongnguyenvan761@gmail.com', 'r2', 'q-fEt7.Z', 0, '1993-08-21', 'Hồ Chí Minh', '2023-01-16 07:36:52', '2023-01-17 23:33:59'),
('SV100', 'Ohi', 'hồ Minh', 'himinh@gami', 'r2', 'abc', 1, '2003-00-26', '', '2023-01-16 07:54:22', '2023-01-17 23:27:26'),
('SV1000', 'Phi', 'Hồ Minh', 'abc@gmail.com', 'r2', 'abc', -1, '2003-00-26', 'Hải Phòng', '2023-01-16 23:24:43', '2023-01-18 11:36:05'),
('SV1001', 'abc', 'abc', 'abc', 'r2', 'abc', 1, '2023-00-17', 'Hà Nội', '2023-01-18 11:21:08', '2023-01-18 18:06:15'),
('SV999', 'admin', 'admin', 'admin', 'r1', 'admin', 0, '2023-01-24', 'admin', '2023-01-16 20:44:29', '2023-01-17 23:27:28');

--
-- Chỉ mục cho các bảng đã đổ
--

--
-- Chỉ mục cho bảng `mark`
--
ALTER TABLE `mark`
  ADD PRIMARY KEY (`ID`),
  ADD KEY `user_id` (`user_id`),
  ADD KEY `subject_id` (`subject_id`);

--
-- Chỉ mục cho bảng `role`
--
ALTER TABLE `role`
  ADD PRIMARY KEY (`ID`);

--
-- Chỉ mục cho bảng `subject`
--
ALTER TABLE `subject`
  ADD PRIMARY KEY (`ID`);

--
-- Chỉ mục cho bảng `user`
--
ALTER TABLE `user`
  ADD PRIMARY KEY (`ID`),
  ADD UNIQUE KEY `email` (`email`),
  ADD KEY `role_id` (`role_id`);

--
-- Các ràng buộc cho các bảng đã đổ
--

--
-- Các ràng buộc cho bảng `mark`
--
ALTER TABLE `mark`
  ADD CONSTRAINT `subject_id` FOREIGN KEY (`subject_id`) REFERENCES `subject` (`ID`) ON DELETE CASCADE ON UPDATE CASCADE,
  ADD CONSTRAINT `user_id` FOREIGN KEY (`user_id`) REFERENCES `user` (`ID`) ON DELETE CASCADE ON UPDATE CASCADE;

--
-- Các ràng buộc cho bảng `user`
--
ALTER TABLE `user`
  ADD CONSTRAINT `role_id` FOREIGN KEY (`role_id`) REFERENCES `role` (`ID`) ON DELETE CASCADE ON UPDATE CASCADE;
COMMIT;

/*!40101 SET CHARACTER_SET_CLIENT=@OLD_CHARACTER_SET_CLIENT */;
/*!40101 SET CHARACTER_SET_RESULTS=@OLD_CHARACTER_SET_RESULTS */;
/*!40101 SET COLLATION_CONNECTION=@OLD_COLLATION_CONNECTION */;
